condition_type,condition_label,pool_size,buffer_metres,config_details,f1,f1_ci_lower,f1_ci_upper,precision,p_ci_lower,p_ci_upper,recall,r_ci_lower,r_ci_upper,n_detections
consensus,flash-high-image,5,20,"N=5, 3-of-5",0.7269,0.687,0.7646,0.6759,0.6284,0.7208,0.7862,0.7413,0.8311,506
consensus,flash-high-image,10,20,"N=10, 7-of-10",0.75,0.7073,0.7904,0.7778,0.7293,0.8199,0.7241,0.6717,0.7741,405
consensus,flash-high-image,5,30,"N=5, 3-of-5",0.7991,0.7618,0.8293,0.7431,0.6931,0.7841,0.8644,0.8247,0.9031,506
consensus,flash-high-image,10,30,"N=10, 6-of-10",0.8116,0.777,0.8413,0.7879,0.7411,0.8267,0.8368,0.7901,0.8794,462
consensus,flash-high-image,5,40,"N=5, 3-of-5",0.8183,0.7832,0.8485,0.7609,0.7112,0.8044,0.8851,0.8483,0.9196,506
consensus,flash-high-image,10,40,"N=10, 6-of-10",0.8294,0.795,0.859,0.8052,0.7575,0.8425,0.8552,0.813,0.896,462
consensus,flash-high-image,5,50,"N=5, 3-of-5",0.8268,0.7932,0.856,0.7688,0.7198,0.811,0.8943,0.8584,0.9287,506
consensus,flash-high-image,10,50,"N=10, 6-of-10",0.8339,0.7995,0.8623,0.8095,0.7628,0.8445,0.8598,0.8156,0.901,462
consensus,flash-high-text,5,20,"N=5, 5-of-5",0.7788,0.739,0.8166,0.7976,0.7432,0.8446,0.7609,0.7143,0.8117,415
consensus,flash-high-text,10,20,"N=10, 9-of-10",0.7968,0.7567,0.8299,0.8005,0.7494,0.8456,0.7931,0.7478,0.8387,431
consensus,flash-high-text,30,20,"N=30, 26-of-30",0.8141,0.7785,0.8463,0.8337,0.7877,0.8741,0.7954,0.7529,0.8396,415
consensus,flash-high-text,5,30,"N=5, 5-of-5",0.7882,0.7503,0.8234,0.8072,0.7554,0.8513,0.7701,0.7239,0.8203,415
consensus,flash-high-text,10,30,"N=10, 9-of-10",0.8106,0.7732,0.8422,0.8144,0.7634,0.8577,0.8069,0.763,0.8501,431
consensus,flash-high-text,30,30,"N=30, 26-of-30",0.8259,0.7927,0.8575,0.8458,0.8011,0.887,0.8069,0.7632,0.8502,415
consensus,flash-high-text,5,40,"N=5, 5-of-5",0.7882,0.7503,0.8234,0.8072,0.7554,0.8513,0.7701,0.7239,0.8203,415
consensus,flash-high-text,10,40,"N=10, 9-of-10",0.8106,0.7732,0.8422,0.8144,0.7634,0.8577,0.8069,0.763,0.8501,431
consensus,flash-high-text,30,40,"N=30, 26-of-30",0.8259,0.7927,0.8575,0.8458,0.8011,0.887,0.8069,0.7632,0.8502,415
consensus,flash-high-text,5,50,"N=5, 5-of-5",0.7882,0.7503,0.8234,0.8072,0.7554,0.8513,0.7701,0.7239,0.8203,415
consensus,flash-high-text,10,50,"N=10, 9-of-10",0.8106,0.7732,0.8422,0.8144,0.7634,0.8577,0.8069,0.763,0.8501,431
consensus,flash-high-text,30,50,"N=30, 26-of-30",0.8259,0.7927,0.8575,0.8458,0.8011,0.887,0.8069,0.7632,0.8502,415
consensus,flash-min-image,5,20,"N=5, 4-of-5",0.6639,0.6193,0.7064,0.608,0.5526,0.6584,0.731,0.6825,0.7747,523
consensus,flash-min-image,10,20,"N=10, 8-of-10",0.6803,0.6344,0.7229,0.6397,0.5833,0.6886,0.7264,0.6764,0.7729,494
consensus,flash-min-image,5,30,"N=5, 4-of-5",0.7244,0.6814,0.7631,0.6635,0.6084,0.7122,0.7977,0.7544,0.8374,523
consensus,flash-min-image,10,30,"N=10, 6-of-10",0.7332,0.6922,0.7696,0.643,0.5884,0.6896,0.8529,0.8152,0.8906,577
consensus,flash-min-image,5,40,"N=5, 4-of-5",0.7432,0.7007,0.7793,0.6807,0.6238,0.7285,0.8184,0.7741,0.8596,523
consensus,flash-min-image,10,40,"N=10, 6-of-10",0.751,0.7113,0.7865,0.6586,0.6043,0.7044,0.8736,0.8362,0.9093,577
consensus,flash-min-image,5,50,"N=5, 4-of-5",0.7495,0.7081,0.7855,0.6864,0.6307,0.735,0.8253,0.7828,0.8658,523
consensus,flash-min-image,10,50,"N=10, 6-of-10",0.753,0.7129,0.7875,0.6603,0.6063,0.707,0.8759,0.8373,0.9124,577
consensus,flash-min-text-t07,5,20,"N=5, 5-of-5",0.6397,0.5842,0.69,0.5329,0.4679,0.598,0.8,0.7593,0.8406,653
consensus,flash-min-text-t07,10,20,"N=10, 10-of-10",0.6332,0.5825,0.6802,0.5625,0.4982,0.6294,0.7241,0.6779,0.7712,560
consensus,flash-min-text-t07,30,20,"N=30, 29-of-30",0.6611,0.6103,0.706,0.6019,0.5358,0.6681,0.7333,0.6874,0.7792,530
consensus,flash-min-text-t07,5,30,"N=5, 5-of-5",0.6471,0.592,0.6965,0.5391,0.4736,0.604,0.8092,0.7686,0.8507,653
consensus,flash-min-text-t07,10,30,"N=10, 10-of-10",0.6412,0.5912,0.6891,0.5696,0.5046,0.6377,0.7333,0.6868,0.7808,560
consensus,flash-min-text-t07,30,30,"N=30, 29-of-30",0.6694,0.6212,0.7154,0.6094,0.544,0.6758,0.7425,0.6973,0.7882,530
consensus,flash-min-text-t07,5,40,"N=5, 5-of-5",0.6471,0.592,0.6965,0.5391,0.4736,0.604,0.8092,0.7686,0.8507,653
consensus,flash-min-text-t07,10,40,"N=10, 10-of-10",0.6412,0.5912,0.6891,0.5696,0.5046,0.6377,0.7333,0.6868,0.7808,560
consensus,flash-min-text-t07,30,40,"N=30, 29-of-30",0.6694,0.6212,0.7154,0.6094,0.544,0.6758,0.7425,0.6973,0.7882,530
consensus,flash-min-text-t07,5,50,"N=5, 5-of-5",0.6471,0.592,0.6965,0.5391,0.4736,0.604,0.8092,0.7686,0.8507,653
consensus,flash-min-text-t07,10,50,"N=10, 10-of-10",0.6412,0.5912,0.6891,0.5696,0.5046,0.6377,0.7333,0.6868,0.7808,560
consensus,flash-min-text-t07,30,50,"N=30, 29-of-30",0.6694,0.6212,0.7154,0.6094,0.544,0.6758,0.7425,0.6973,0.7882,530
consensus,flash-min-text-t10,5,20,"N=5, 5-of-5",0.4712,0.3952,0.5355,0.5831,0.4907,0.6772,0.3954,0.3274,0.462,295
consensus,flash-min-text-t10,10,20,"N=10, 9-of-10",0.4615,0.3911,0.5265,0.5455,0.4554,0.6362,0.4,0.3311,0.4648,319
consensus,flash-min-text-t10,30,20,"N=30, 22-of-30",0.467,0.3954,0.5316,0.4987,0.4091,0.5891,0.4391,0.3671,0.505,383
consensus,flash-min-text-t10,5,30,"N=5, 5-of-5",0.4795,0.4064,0.5446,0.5932,0.4986,0.6847,0.4023,0.334,0.4691,295
consensus,flash-min-text-t10,10,30,"N=10, 9-of-10",0.4695,0.3983,0.5346,0.5549,0.4623,0.6476,0.4069,0.3394,0.4719,319
consensus,flash-min-text-t10,30,30,"N=30, 22-of-30",0.4768,0.4063,0.5402,0.5091,0.4163,0.6012,0.4483,0.3758,0.5126,383
consensus,flash-min-text-t10,5,40,"N=5, 5-of-5",0.4822,0.4098,0.5468,0.5966,0.5019,0.6912,0.4046,0.3347,0.4724,295
consensus,flash-min-text-t10,10,40,"N=10, 9-of-10",0.4748,0.4029,0.5405,0.5611,0.4714,0.655,0.4115,0.3434,0.4771,319
consensus,flash-min-text-t10,30,40,"N=30, 26-of-30",0.4814,0.4081,0.5459,0.571,0.4723,0.6709,0.4161,0.3474,0.4798,317
consensus,flash-min-text-t10,5,50,"N=5, 5-of-5",0.4849,0.4118,0.5491,0.6,0.507,0.6914,0.4069,0.3383,0.4745,295
consensus,flash-min-text-t10,10,50,"N=10, 9-of-10",0.4775,0.407,0.5419,0.5643,0.4731,0.6593,0.4138,0.3444,0.4794,319
consensus,flash-min-text-t10,30,50,"N=30, 26-of-30",0.484,0.4104,0.5481,0.5741,0.4765,0.6739,0.4184,0.3497,0.4824,317
consensus,pro-high-image,5,20,"N=5, 3-of-5",0.6998,0.6535,0.7407,0.673,0.6217,0.7175,0.7287,0.6772,0.7755,471
consensus,pro-high-image,5,30,"N=5, 3-of-5",0.8212,0.787,0.8509,0.7898,0.7489,0.8288,0.8552,0.8153,0.8898,471
consensus,pro-high-image,5,40,"N=5, 3-of-5",0.8521,0.8231,0.8808,0.8195,0.7803,0.8597,0.8874,0.8531,0.9188,471
consensus,pro-high-image,5,50,"N=5, 3-of-5",0.8653,0.8391,0.8926,0.8323,0.7933,0.8703,0.9011,0.8709,0.9305,471
consensus,pro-high-text,5,20,"N=5, 3-of-5",0.8404,0.8,0.8749,0.9183,0.8853,0.9481,0.7747,0.7177,0.8268,367
consensus,pro-high-text,5,30,"N=5, 3-of-5",0.8554,0.8199,0.8875,0.9346,0.9049,0.9613,0.7885,0.7343,0.8392,367
consensus,pro-high-text,5,40,"N=5, 3-of-5",0.8579,0.8224,0.8897,0.9373,0.9083,0.9626,0.7908,0.7366,0.8403,367
consensus,pro-high-text,5,50,"N=5, 3-of-5",0.8579,0.8224,0.8897,0.9373,0.9083,0.9626,0.7908,0.7366,0.8403,367
consensus,single-pass-t0,5,20,"N=5, 5-of-5",0.544,0.4815,0.6021,0.3964,0.334,0.4575,0.8667,0.8333,0.8985,951
consensus,single-pass-t0,10,20,"N=10, 10-of-10",0.5521,0.4909,0.6102,0.4098,0.3476,0.4756,0.846,0.8051,0.8826,898
consensus,single-pass-t0,5,30,"N=5, 5-of-5",0.5541,0.4897,0.6114,0.4038,0.3392,0.4659,0.8828,0.8509,0.9137,951
consensus,single-pass-t0,10,30,"N=10, 10-of-10",0.5626,0.5,0.6209,0.4176,0.3527,0.4837,0.8621,0.8234,0.8971,898
consensus,single-pass-t0,5,40,"N=5, 5-of-5",0.5584,0.4931,0.6168,0.4069,0.342,0.4694,0.8897,0.8583,0.9202,951
consensus,single-pass-t0,10,40,"N=10, 10-of-10",0.5671,0.5049,0.6254,0.4209,0.3555,0.4885,0.869,0.8308,0.9037,898
consensus,single-pass-t0,5,50,"N=5, 5-of-5",0.5584,0.4931,0.6168,0.4069,0.342,0.4694,0.8897,0.8583,0.9202,951
consensus,single-pass-t0,10,50,"N=10, 10-of-10",0.5671,0.5049,0.6254,0.4209,0.3555,0.4885,0.869,0.8308,0.9037,898
pv,flash-high-image-3-of-5--flash-min-vf,,20,t=0.15,0.7778,0.7349,0.8156,0.8005,0.7577,0.8388,0.7563,0.7059,0.8034,411
pv,flash-high-image-3-of-5--flash-min-vf,,30,t=0.15,0.8511,0.8146,0.8821,0.8759,0.8376,0.9071,0.8276,0.7852,0.8708,411
pv,flash-high-image-3-of-5--flash-min-vf,,40,t=0.15,0.8723,0.8403,0.8996,0.8978,0.8624,0.9295,0.8483,0.8088,0.8884,411
pv,flash-high-image-3-of-5--flash-min-vf,,50,t=0.15,0.8771,0.8471,0.9035,0.9027,0.8684,0.9332,0.8529,0.815,0.8914,411
pv,flash-high-text-16-of-30--flash-min-vf,,20,t=0.2,0.8902,0.8631,0.9149,0.915,0.8832,0.9417,0.8667,0.8297,0.9021,412
pv,flash-high-text-16-of-30--flash-min-vf,,30,t=0.2,0.9044,0.8779,0.9277,0.9296,0.899,0.9552,0.8805,0.8447,0.915,412
pv,flash-high-text-16-of-30--flash-min-vf,,40,t=0.2,0.9044,0.8779,0.9277,0.9296,0.899,0.9552,0.8805,0.8447,0.915,412
pv,flash-high-text-16-of-30--flash-min-vf,,50,t=0.2,0.9044,0.8779,0.9277,0.9296,0.899,0.9552,0.8805,0.8447,0.915,412
pv,flash-high-text-4-of-5--flash-medium-vf,,20,t=0.95,0.8592,0.8268,0.8872,0.8777,0.8443,0.9091,0.8414,0.8,0.8821,417
pv,flash-high-text-4-of-5--flash-medium-vf,,30,t=0.95,0.885,0.8553,0.9107,0.9041,0.8741,0.9328,0.8667,0.8292,0.9045,417
pv,flash-high-text-4-of-5--flash-medium-vf,,40,t=0.95,0.885,0.8553,0.9107,0.9041,0.8741,0.9328,0.8667,0.8292,0.9045,417
pv,flash-high-text-4-of-5--flash-medium-vf,,50,t=0.95,0.885,0.8553,0.9107,0.9041,0.8741,0.9328,0.8667,0.8292,0.9045,417
pv,flash-high-text-4-of-5--flash-min-vf,,20,t=0.15,0.8641,0.8331,0.8935,0.9152,0.8838,0.9417,0.8184,0.774,0.862,389
pv,flash-high-text-4-of-5--flash-min-vf,,30,t=0.15,0.8908,0.8629,0.9161,0.9434,0.9173,0.9669,0.8437,0.8019,0.8833,389
pv,flash-high-text-4-of-5--flash-min-vf,,40,t=0.15,0.8908,0.8629,0.9161,0.9434,0.9173,0.9669,0.8437,0.8019,0.8833,389
pv,flash-high-text-4-of-5--flash-min-vf,,50,t=0.15,0.8908,0.8629,0.9161,0.9434,0.9173,0.9669,0.8437,0.8019,0.8833,389
pv,flash-high-text-9-of-10--flash-min-vf,,20,t=0.2,0.8564,0.8252,0.8852,0.9574,0.9322,0.9775,0.7747,0.7283,0.8195,352
pv,flash-high-text-9-of-10--flash-min-vf,,30,t=0.2,0.8691,0.8368,0.8968,0.9716,0.9485,0.9883,0.7862,0.7377,0.8296,352
pv,flash-high-text-9-of-10--flash-min-vf,,40,t=0.2,0.8691,0.8368,0.8968,0.9716,0.9485,0.9883,0.7862,0.7377,0.8296,352
pv,flash-high-text-9-of-10--flash-min-vf,,50,t=0.2,0.8691,0.8368,0.8968,0.9716,0.9485,0.9883,0.7862,0.7377,0.8296,352
pv,image-baseline--flash-min-vf,,20,t=0.2,0.7167,0.6734,0.7541,0.6634,0.6165,0.7047,0.7793,0.7329,0.8238,511
pv,image-baseline--flash-min-vf,,30,t=0.2,0.7822,0.7439,0.8132,0.7241,0.6792,0.762,0.8506,0.8116,0.8855,511
pv,image-baseline--flash-min-vf,,40,t=0.2,0.7992,0.7643,0.8286,0.7397,0.6978,0.776,0.869,0.8349,0.9008,511
pv,image-baseline--flash-min-vf,,50,t=0.2,0.8076,0.775,0.8365,0.7476,0.705,0.7847,0.8782,0.8449,0.9097,511
pv,pro-high-text-3-of-5--flash-min-vf,,20,t=0.15,0.8491,0.8121,0.8832,0.9568,0.9342,0.9776,0.7632,0.707,0.8164,347
pv,pro-high-text-3-of-5--flash-min-vf,,30,t=0.15,0.8645,0.8283,0.8962,0.9741,0.9566,0.9891,0.777,0.7211,0.8281,347
pv,pro-high-text-3-of-5--flash-min-vf,,40,t=0.15,0.867,0.8323,0.8982,0.9769,0.9613,0.9916,0.7793,0.7246,0.8309,347
pv,pro-high-text-3-of-5--flash-min-vf,,50,t=0.15,0.867,0.8323,0.8982,0.9769,0.9613,0.9916,0.7793,0.7246,0.8309,347
pv,text-baseline--flash-min-vf,,20,t=0.15,0.8142,0.7798,0.8437,0.7888,0.7431,0.8274,0.8414,0.8005,0.8804,464
pv,text-baseline--flash-min-vf,,30,t=0.15,0.832,0.7995,0.8572,0.806,0.7628,0.8421,0.8598,0.8197,0.8946,464
pv,text-baseline--flash-min-vf,,40,t=0.15,0.8387,0.8067,0.8647,0.8125,0.7711,0.8468,0.8667,0.8266,0.9007,464
pv,text-baseline--flash-min-vf,,50,t=0.15,0.8387,0.8067,0.8647,0.8125,0.7711,0.8468,0.8667,0.8266,0.9007,464
consensus,pro-high-text,10,20,"N=10, 6-of-10",0.8368,0.7979,0.8737,0.9206,0.8853,0.952,0.7674,0.7129,0.8207,363
consensus,pro-high-text,10,30,"N=10, 6-of-10",0.8567,0.8209,0.8895,0.9425,0.9135,0.9689,0.7857,0.7296,0.8368,363
consensus,pro-high-text,10,40,"N=10, 6-of-10",0.8618,0.8257,0.8946,0.9481,0.92,0.9736,0.7903,0.736,0.8422,363
consensus,pro-high-text,10,50,"N=10, 6-of-10",0.8642,0.8287,0.8963,0.9507,0.9227,0.9757,0.7927,0.7383,0.8446,363
