tile_size,label,buffer_metres,f1,f1_ci_lower,f1_ci_upper,precision,p_ci_lower,p_ci_upper,recall,r_ci_lower,r_ci_upper,n_runs,n_detections
384,Flash Image HIGH T=0.7,20,0.4986,0.4482,0.5447,0.3763,0.3266,0.4235,0.739,0.6911,0.7859,10,
384,Flash Image HIGH T=0.7,30,0.5779,0.526,0.6238,0.4361,0.3817,0.4864,0.8568,0.8186,0.8934,10,
384,Flash Image HIGH T=0.7,40,0.6093,0.5568,0.6553,0.4598,0.4035,0.5116,0.9032,0.8721,0.9333,10,
384,Flash Image HIGH T=0.7,50,0.6215,0.5681,0.6677,0.469,0.4119,0.5216,0.9213,0.8931,0.9478,10,
384,Flash Image MINIMAL T=0.0,20,0.5995,0.5552,0.6368,0.4745,0.4258,0.5152,0.8138,0.7705,0.8532,1,
384,Flash Image MINIMAL T=0.0,30,0.6554,0.6116,0.6892,0.5188,0.4685,0.5583,0.8897,0.8567,0.9199,1,
384,Flash Image MINIMAL T=0.0,40,0.674,0.6292,0.7075,0.5335,0.4838,0.5743,0.9149,0.8903,0.9391,1,
384,Flash Image MINIMAL T=0.0,50,0.6808,0.6364,0.7145,0.5389,0.4875,0.5793,0.9241,0.8998,0.9459,1,
384,Flash Image MINIMAL T=0.0 (487 tiles),20,0.5984,0.5527,0.6358,0.4736,0.4253,0.5142,0.8123,0.7695,0.8522,3,
384,Flash Image MINIMAL T=0.0 (487 tiles),30,0.6548,0.6098,0.6892,0.5183,0.467,0.5585,0.8889,0.8562,0.9187,3,
384,Flash Image MINIMAL T=0.0 (487 tiles),40,0.6734,0.6292,0.7065,0.5331,0.4819,0.5726,0.9141,0.8895,0.9379,3,
384,Flash Image MINIMAL T=0.0 (487 tiles),50,0.6802,0.6363,0.7137,0.5384,0.4875,0.5792,0.9233,0.8994,0.945,3,
384,Flash Image MINIMAL T=0.3,20,0.5931,0.5487,0.6336,0.4688,0.4224,0.5117,0.8069,0.7652,0.848,3,
384,Flash Image MINIMAL T=0.3,30,0.6528,0.6093,0.6885,0.516,0.4659,0.558,0.8882,0.8554,0.9181,3,
384,Flash Image MINIMAL T=0.3,40,0.6708,0.6258,0.7056,0.5303,0.4794,0.571,0.9126,0.8837,0.9397,3,
384,Flash Image MINIMAL T=0.3,50,0.677,0.6333,0.7115,0.5352,0.4852,0.5762,0.921,0.8951,0.946,3,
384,Flash Image MINIMAL T=0.7,20,0.5534,0.5084,0.5935,0.4355,0.3896,0.4778,0.7591,0.7118,0.8029,10,
384,Flash Image MINIMAL T=0.7,30,0.6302,0.5858,0.6676,0.4959,0.447,0.5385,0.8644,0.829,0.8977,10,
384,Flash Image MINIMAL T=0.7,40,0.6567,0.6122,0.6924,0.5167,0.4664,0.5603,0.9007,0.8704,0.9287,10,
384,Flash Image MINIMAL T=0.7,50,0.6661,0.6221,0.7019,0.5241,0.4736,0.5678,0.9135,0.8855,0.9392,10,
384,Flash Text HIGH T=0.7,20,0.3871,0.3334,0.439,0.249,0.207,0.2925,0.8693,0.8318,0.9042,30,
384,Flash Text HIGH T=0.7,30,0.4063,0.3512,0.4593,0.2614,0.218,0.3063,0.9124,0.882,0.9407,30,
384,Flash Text HIGH T=0.7,40,0.4134,0.3577,0.4671,0.266,0.2219,0.3114,0.9285,0.9014,0.9539,30,
384,Flash Text HIGH T=0.7,50,0.4158,0.3596,0.4696,0.2675,0.2231,0.3133,0.9337,0.9079,0.9581,30,
384,Flash Text MINIMAL T=0.0,20,0.5033,0.4453,0.5594,0.3521,0.2983,0.4085,0.8823,0.8477,0.9141,10,
384,Flash Text MINIMAL T=0.0,30,0.515,0.4561,0.5717,0.3603,0.3052,0.4175,0.9027,0.872,0.9324,10,
384,Flash Text MINIMAL T=0.0,40,0.5207,0.461,0.5785,0.3643,0.3083,0.4224,0.9128,0.8824,0.9409,10,
384,Flash Text MINIMAL T=0.0,50,0.5207,0.461,0.5785,0.3643,0.3083,0.4224,0.9128,0.8824,0.9409,10,
384,Flash Text MINIMAL T=0.0 (PV baseline),20,0.5196,0.4619,0.5757,0.3677,0.3119,0.4265,0.8851,0.8496,0.9167,1,
384,Flash Text MINIMAL T=0.0 (PV baseline),30,0.5304,0.4713,0.587,0.3754,0.3191,0.4345,0.9034,0.8716,0.9325,1,
384,Flash Text MINIMAL T=0.0 (PV baseline),40,0.5358,0.4754,0.5938,0.3792,0.3212,0.4383,0.9126,0.8817,0.9405,1,
384,Flash Text MINIMAL T=0.0 (PV baseline),50,0.5358,0.4754,0.5938,0.3792,0.3212,0.4383,0.9126,0.8817,0.9405,1,
384,Flash Text MINIMAL T=0.3,20,0.4992,0.4415,0.5555,0.3506,0.298,0.4056,0.8667,0.8285,0.9033,3,
384,Flash Text MINIMAL T=0.3,30,0.5169,0.4591,0.5738,0.3631,0.309,0.419,0.8973,0.8637,0.9287,3,
384,Flash Text MINIMAL T=0.3,40,0.5218,0.4632,0.5786,0.3665,0.3121,0.4228,0.9057,0.8729,0.9358,3,
384,Flash Text MINIMAL T=0.3,50,0.5231,0.4645,0.5796,0.3674,0.3132,0.4243,0.908,0.8755,0.938,3,
384,Flash Text MINIMAL T=0.7,20,0.4883,0.4306,0.5422,0.3405,0.2884,0.3933,0.8634,0.8266,0.8978,30,
384,Flash Text MINIMAL T=0.7,30,0.5058,0.448,0.5602,0.3527,0.3,0.4065,0.8943,0.8617,0.9251,30,
384,Flash Text MINIMAL T=0.7,40,0.5111,0.4531,0.566,0.3563,0.3034,0.4107,0.9036,0.8725,0.9328,30,
384,Flash Text MINIMAL T=0.7,50,0.5134,0.4555,0.5685,0.358,0.3048,0.4126,0.9077,0.877,0.9364,30,
384,Pro Image HIGH T=0.0,20,0.5276,0.4799,0.5731,0.4317,0.3834,0.4784,0.6782,0.613,0.7452,3,
384,Pro Image HIGH T=0.0,30,0.5902,0.5402,0.6353,0.4829,0.4309,0.5325,0.7586,0.6907,0.8224,3,
384,Pro Image HIGH T=0.0,40,0.6265,0.5757,0.6712,0.5127,0.459,0.561,0.8054,0.7366,0.8713,3,
384,Pro Image HIGH T=0.0,50,0.6337,0.5833,0.6775,0.5185,0.4645,0.5674,0.8146,0.7456,0.8803,3,
384,Pro Image HIGH T=0.7,20,0.5908,0.5428,0.6345,0.5207,0.4723,0.5664,0.6828,0.6313,0.7314,5,
384,Pro Image HIGH T=0.7,30,0.7412,0.7023,0.7761,0.6532,0.6078,0.6947,0.8566,0.8192,0.8906,5,
384,Pro Image HIGH T=0.7,40,0.7925,0.7581,0.8236,0.6985,0.6534,0.7389,0.9158,0.8873,0.9419,5,
384,Pro Image HIGH T=0.7,50,0.8092,0.7763,0.8391,0.7132,0.6686,0.7538,0.9351,0.9101,0.9579,5,
384,Pro Image MEDIUM T=0.0,20,0.6059,0.5564,0.6507,0.5568,0.5075,0.6027,0.6644,0.606,0.721,1,
384,Pro Image MEDIUM T=0.0,30,0.7338,0.6923,0.7724,0.6744,0.6284,0.7183,0.8046,0.747,0.8591,1,
384,Pro Image MEDIUM T=0.0,40,0.7631,0.7238,0.8,0.7013,0.6559,0.7435,0.8368,0.7838,0.8896,1,
384,Pro Image MEDIUM T=0.0,50,0.7778,0.7398,0.8118,0.7148,0.67,0.7561,0.8529,0.799,0.9022,1,
384,Pro Image MEDIUM T=0.7,20,0.452,0.4006,0.4959,0.3305,0.2813,0.373,0.7149,0.6676,0.7631,1,
384,Pro Image MEDIUM T=0.7,30,0.5378,0.4812,0.5813,0.3932,0.3371,0.4401,0.8506,0.8136,0.884,1,
384,Pro Image MEDIUM T=0.7,40,0.5669,0.5091,0.6115,0.4145,0.3541,0.4635,0.8966,0.8648,0.9253,1,
384,Pro Image MEDIUM T=0.7,50,0.5858,0.5233,0.6311,0.4283,0.3672,0.4781,0.9264,0.8981,0.9527,1,
384,Pro Text HIGH T=0.0,20,0.4942,0.4368,0.5448,0.3525,0.2991,0.4016,0.8261,0.7737,0.8818,3,
384,Pro Text HIGH T=0.0,30,0.5148,0.456,0.5656,0.3672,0.3122,0.4184,0.8606,0.8098,0.9121,3,
384,Pro Text HIGH T=0.0,40,0.5235,0.4638,0.576,0.3735,0.3179,0.4255,0.8751,0.8234,0.9258,3,
384,Pro Text HIGH T=0.0,50,0.5249,0.4654,0.5778,0.3744,0.3185,0.4268,0.8774,0.8254,0.9281,3,
384,Pro Text HIGH T=0.7,20,0.7481,0.704,0.7888,0.7473,0.6956,0.7956,0.7489,0.6914,0.8027,5,
384,Pro Text HIGH T=0.7,30,0.7913,0.7504,0.8272,0.7905,0.7424,0.836,0.7922,0.7366,0.8431,5,
384,Pro Text HIGH T=0.7,40,0.8,0.7603,0.836,0.7992,0.7524,0.8442,0.8009,0.7446,0.8508,5,
384,Pro Text HIGH T=0.7,50,0.8009,0.7614,0.8369,0.8001,0.7533,0.8448,0.8018,0.7461,0.8516,5,
384,Pro Text MEDIUM T=0.0,20,0.763,0.7127,0.8061,0.7674,0.7157,0.8161,0.7586,0.6934,0.8197,1,
384,Pro Text MEDIUM T=0.0,30,0.7838,0.7361,0.8271,0.7884,0.7384,0.8319,0.7793,0.7143,0.8402,1,
384,Pro Text MEDIUM T=0.0,40,0.7954,0.7544,0.8355,0.8,0.7534,0.8423,0.7908,0.728,0.8495,1,
384,Pro Text MEDIUM T=0.0,50,0.8023,0.7609,0.8413,0.807,0.7621,0.8473,0.7977,0.7348,0.8568,1,
384,Pro Text MEDIUM T=0.7,20,0.416,0.3591,0.4676,0.2706,0.2251,0.3146,0.8989,0.8682,0.9295,1,
384,Pro Text MEDIUM T=0.7,30,0.4277,0.3696,0.4802,0.2782,0.2305,0.3235,0.9241,0.8975,0.9493,1,
384,Pro Text MEDIUM T=0.7,40,0.4298,0.371,0.4837,0.2796,0.2324,0.3263,0.9287,0.9025,0.9541,1,
384,Pro Text MEDIUM T=0.7,50,0.4298,0.371,0.4837,0.2796,0.2324,0.3263,0.9287,0.9025,0.9541,1,
512,P2a Brief text,20,0.5518,0.4917,0.6054,0.4336,0.3721,0.4944,0.7588,0.7004,0.8099,3,
512,P2a Brief text,30,0.5958,0.5352,0.6503,0.4682,0.4043,0.5323,0.8194,0.7699,0.8636,3,
512,P2a Brief text,40,0.613,0.5546,0.6678,0.4817,0.4177,0.5478,0.8429,0.7959,0.8835,3,
512,P2a Brief text,50,0.6229,0.5643,0.6772,0.4895,0.425,0.5559,0.8565,0.812,0.8946,3,
512,P2a Brief text+image,20,0.522,0.4751,0.5668,0.4392,0.3912,0.4856,0.6432,0.5895,0.6966,3,
512,P2a Brief text+image,30,0.6303,0.5841,0.6719,0.5304,0.4801,0.5787,0.7767,0.7293,0.8233,3,
512,P2a Brief text+image,40,0.6726,0.6286,0.7118,0.566,0.514,0.6131,0.8287,0.7898,0.8674,3,
512,P2a Brief text+image,50,0.6931,0.6491,0.7311,0.5833,0.5305,0.6315,0.8541,0.8173,0.8907,3,
512,P2a Image only,20,0.4697,0.4223,0.515,0.3832,0.3351,0.4298,0.6067,0.5532,0.6578,3,
512,P2a Image only,30,0.574,0.5233,0.6201,0.4683,0.4132,0.5206,0.7415,0.6914,0.7876,3,
512,P2a Image only,40,0.62,0.5694,0.6653,0.5058,0.4473,0.5599,0.8009,0.7539,0.8414,3,
512,P2a Image only,50,0.6491,0.5986,0.6925,0.5295,0.469,0.5851,0.8386,0.7965,0.8744,3,
512,P2a Verbose text,20,0.5016,0.4429,0.5553,0.3928,0.3339,0.4502,0.6939,0.6315,0.7511,3,
512,P2a Verbose text,30,0.5552,0.4953,0.6099,0.4348,0.3727,0.4966,0.7681,0.7117,0.8193,3,
512,P2a Verbose text,40,0.5843,0.5251,0.6388,0.4576,0.3958,0.5194,0.8083,0.7588,0.8539,3,
512,P2a Verbose text,50,0.5999,0.5422,0.653,0.4698,0.4076,0.5329,0.8299,0.7848,0.8706,3,
512,P2a Verbose text+image,20,0.517,0.47,0.5633,0.4342,0.3878,0.4797,0.6388,0.5839,0.6936,3,
512,P2a Verbose text+image,30,0.613,0.5657,0.6572,0.5149,0.4665,0.5622,0.7576,0.7055,0.808,3,
512,P2a Verbose text+image,40,0.6581,0.6145,0.7008,0.5526,0.5041,0.5988,0.8132,0.7656,0.8618,3,
512,P2a Verbose text+image,50,0.6826,0.6381,0.724,0.5732,0.5232,0.6203,0.8435,0.7988,0.8856,3,
512,P2b Image T=0.0,20,0.5862,0.5415,0.632,0.4976,0.451,0.5432,0.713,0.6618,0.7667,3,
512,P2b Image T=0.0,30,0.6538,0.6113,0.6934,0.555,0.5054,0.6004,0.7953,0.7521,0.8388,3,
512,P2b Image T=0.0,40,0.6858,0.6448,0.7207,0.5822,0.5329,0.6266,0.8343,0.7962,0.8732,3,
512,P2b Image T=0.0,50,0.7026,0.6609,0.7393,0.5965,0.5457,0.6417,0.8547,0.819,0.8925,3,
512,P2b Image T=0.3,20,0.575,0.531,0.6178,0.4881,0.442,0.5323,0.6994,0.649,0.7513,3,
512,P2b Image T=0.3,30,0.6512,0.6082,0.6908,0.5529,0.5028,0.5986,0.7922,0.7445,0.8373,3,
512,P2b Image T=0.3,40,0.6848,0.6425,0.7211,0.5813,0.5308,0.627,0.833,0.7917,0.8712,3,
512,P2b Image T=0.3,50,0.7041,0.6612,0.7392,0.5978,0.5456,0.6428,0.8565,0.8183,0.892,3,
512,P2b Image T=0.7,20,0.5366,0.4904,0.5801,0.4521,0.4059,0.4976,0.6599,0.6097,0.7123,3,
512,P2b Image T=0.7,30,0.6337,0.5886,0.676,0.5339,0.4829,0.5819,0.7792,0.733,0.8243,3,
512,P2b Image T=0.7,40,0.6729,0.6286,0.7138,0.567,0.5144,0.6139,0.8275,0.7849,0.8691,3,
512,P2b Image T=0.7,50,0.6985,0.6551,0.7359,0.5886,0.5355,0.6353,0.859,0.822,0.8941,3,
512,P2b Image T=1.0,20,0.5269,0.4785,0.5719,0.4396,0.3916,0.4849,0.6574,0.6059,0.71,3,
512,P2b Image T=1.0,30,0.6191,0.5714,0.6637,0.5165,0.4649,0.5638,0.7724,0.7249,0.8185,3,
512,P2b Image T=1.0,40,0.6662,0.6195,0.7074,0.5558,0.5033,0.6034,0.8312,0.7875,0.8722,3,
512,P2b Image T=1.0,50,0.6855,0.6402,0.7241,0.572,0.5178,0.6199,0.8553,0.8169,0.8937,3,
512,P2b Image T=1.3,20,0.4921,0.4457,0.5374,0.4074,0.3608,0.4538,0.6215,0.5711,0.6731,3,
512,P2b Image T=1.3,30,0.6012,0.5533,0.6462,0.4976,0.4439,0.5471,0.7594,0.7123,0.8049,3,
512,P2b Image T=1.3,40,0.6453,0.597,0.6882,0.5341,0.4784,0.5847,0.8151,0.7738,0.8554,3,
512,P2b Image T=1.3,50,0.6708,0.6218,0.7139,0.5552,0.4979,0.607,0.8473,0.8086,0.8834,3,
512,P2b Text T=0.0,20,0.6055,0.5476,0.6559,0.4872,0.4236,0.5451,0.7996,0.746,0.8467,3,
512,P2b Text T=0.0,30,0.6434,0.5874,0.6924,0.5177,0.4528,0.5768,0.8497,0.8089,0.8906,3,
512,P2b Text T=0.0,40,0.6514,0.595,0.7004,0.5241,0.4585,0.5838,0.8602,0.8204,0.8987,3,
512,P2b Text T=0.0,50,0.6561,0.5986,0.705,0.5279,0.4632,0.5867,0.8664,0.827,0.9036,3,
512,P2b Text T=0.3,20,0.6065,0.5522,0.6568,0.4908,0.4309,0.547,0.7935,0.7419,0.8432,3,
512,P2b Text T=0.3,30,0.6348,0.5798,0.6829,0.5138,0.4509,0.5705,0.8306,0.7873,0.8728,3,
512,P2b Text T=0.3,40,0.6519,0.5958,0.6987,0.5276,0.463,0.5834,0.8528,0.8117,0.8906,3,
512,P2b Text T=0.3,50,0.6575,0.6022,0.7035,0.5322,0.4684,0.5878,0.8603,0.8205,0.8968,3,
512,P2b Text T=0.7,20,0.5842,0.523,0.6361,0.4606,0.3954,0.5194,0.7984,0.7463,0.8474,3,
512,P2b Text T=0.7,30,0.6122,0.5516,0.6633,0.4827,0.4162,0.5413,0.8367,0.7894,0.8796,3,
512,P2b Text T=0.7,40,0.6244,0.5635,0.6756,0.4923,0.4253,0.5524,0.8535,0.8098,0.8926,3,
512,P2b Text T=0.7,50,0.6317,0.5708,0.6825,0.4981,0.4308,0.559,0.8633,0.821,0.9002,3,
512,P2b Text T=1.0,20,0.5335,0.4666,0.5953,0.4148,0.3466,0.4832,0.7483,0.6926,0.7992,3,
512,P2b Text T=1.0,30,0.5775,0.5089,0.6407,0.4489,0.377,0.5216,0.8102,0.7588,0.8553,3,
512,P2b Text T=1.0,40,0.5951,0.5257,0.6577,0.4626,0.3901,0.5366,0.8349,0.7888,0.8756,3,
512,P2b Text T=1.0,50,0.6034,0.5349,0.6664,0.469,0.3956,0.5436,0.8466,0.8025,0.8858,3,
512,P2b Text T=1.3,20,0.5442,0.4832,0.5994,0.4252,0.3616,0.4873,0.7557,0.6979,0.8066,3,
512,P2b Text T=1.3,30,0.5905,0.5287,0.6453,0.4614,0.3964,0.526,0.82,0.7698,0.864,3,
512,P2b Text T=1.3,40,0.6075,0.5465,0.6625,0.4746,0.4083,0.5409,0.8436,0.7948,0.885,3,
512,P2b Text T=1.3,50,0.6155,0.5552,0.6705,0.4809,0.4149,0.5475,0.8547,0.8098,0.8932,3,
512,P2c Image canonical,20,0.5814,0.5341,0.6253,0.5083,0.4576,0.554,0.679,0.6246,0.7348,1,
512,P2c Image canonical,30,0.6529,0.6089,0.6932,0.5708,0.519,0.6156,0.7625,0.7143,0.8071,1,
512,P2c Image canonical,40,0.6799,0.635,0.7186,0.5944,0.5412,0.6389,0.7941,0.7461,0.8399,1,
512,P2c Image canonical,50,0.6894,0.645,0.727,0.6028,0.5487,0.6479,0.8052,0.7578,0.8491,1,
512,P2c Image plus-hp,20,0.5985,0.5467,0.6453,0.5084,0.4573,0.5561,0.7273,0.668,0.7849,1,
512,P2c Image plus-hp,30,0.6641,0.6174,0.706,0.5642,0.515,0.609,0.8071,0.7554,0.8574,1,
512,P2c Image plus-hp,40,0.7145,0.6736,0.7493,0.607,0.5569,0.6491,0.8683,0.8284,0.9077,1,
512,P2c Image plus-hp,50,0.7298,0.6873,0.765,0.62,0.5687,0.6638,0.8868,0.8481,0.9223,1,
512,P2c Image pure-positive-canon,20,0.5678,0.5199,0.6107,0.4918,0.4406,0.5361,0.6716,0.6206,0.7262,1,
512,P2c Image pure-positive-canon,30,0.6463,0.5986,0.6871,0.5598,0.5055,0.6059,0.7644,0.7125,0.8158,1,
512,P2c Image pure-positive-canon,40,0.6761,0.6311,0.7138,0.5856,0.5297,0.6314,0.7996,0.7568,0.8444,1,
512,P2c Image pure-positive-canon,50,0.6949,0.6491,0.7343,0.6019,0.545,0.6482,0.8219,0.7787,0.8653,1,
512,P2c Image scale-4,20,0.5837,0.5333,0.6298,0.4858,0.4278,0.5398,0.731,0.676,0.7791,1,
512,P2c Image scale-4,30,0.637,0.5853,0.6828,0.5302,0.4668,0.5868,0.7978,0.7521,0.8439,1,
512,P2c Image scale-4,40,0.6696,0.6165,0.718,0.5573,0.4951,0.6166,0.8386,0.7955,0.8812,1,
512,P2c Image scale-4,50,0.6904,0.6363,0.7379,0.5746,0.5068,0.6346,0.8646,0.8271,0.9029,1,
512,P2c Image scale-8,20,0.5867,0.5414,0.6324,0.4987,0.4526,0.5448,0.7124,0.6605,0.7661,1,
512,P2c Image scale-8,30,0.6555,0.6128,0.6946,0.5571,0.5076,0.6019,0.7959,0.7527,0.8391,1,
512,P2c Image scale-8,40,0.6875,0.6463,0.7216,0.5844,0.5353,0.6286,0.8349,0.7969,0.8736,1,
512,P2c Image scale-8,50,0.7044,0.6631,0.7407,0.5987,0.5483,0.6434,0.8553,0.8193,0.8934,1,
512,P2c Text canonical,20,0.6045,0.5464,0.6555,0.4838,0.4197,0.5424,0.8052,0.7577,0.8508,1,
512,P2c Text canonical,30,0.6365,0.5775,0.6878,0.5095,0.4425,0.5695,0.8479,0.8041,0.8909,1,
512,P2c Text canonical,40,0.6462,0.5873,0.6977,0.5173,0.4508,0.5769,0.8609,0.8198,0.8988,1,
512,P2c Text canonical,50,0.6504,0.5901,0.7002,0.5206,0.454,0.5786,0.8664,0.8251,0.9039,1,
512,P2c Text plus-hp,20,0.5969,0.5398,0.648,0.4802,0.4186,0.5343,0.7885,0.7352,0.8408,1,
512,P2c Text plus-hp,30,0.6376,0.5819,0.6861,0.513,0.4498,0.571,0.8423,0.7992,0.8813,1,
512,P2c Text plus-hp,40,0.6489,0.5946,0.6981,0.522,0.4605,0.5812,0.8571,0.8182,0.8954,1,
512,P2c Text plus-hp,50,0.6545,0.5995,0.7024,0.5266,0.4638,0.585,0.8646,0.826,0.9011,1,
512,P2c Text pure-positive-canon,20,0.6045,0.5475,0.653,0.4859,0.4239,0.541,0.7996,0.7439,0.8479,1,
512,P2c Text pure-positive-canon,30,0.641,0.5869,0.6895,0.5152,0.4518,0.576,0.8479,0.8057,0.8883,1,
512,P2c Text pure-positive-canon,40,0.6508,0.5963,0.7009,0.5231,0.4599,0.5838,0.8609,0.8207,0.8995,1,
512,P2c Text pure-positive-canon,50,0.655,0.5994,0.7049,0.5265,0.4633,0.5874,0.8664,0.8267,0.9032,1,
512,P2c Text scale-4,20,0.6094,0.5528,0.659,0.4909,0.4291,0.5471,0.8033,0.75,0.8505,1,
512,P2c Text scale-4,30,0.6404,0.586,0.6893,0.5159,0.4512,0.575,0.8442,0.8003,0.8863,1,
512,P2c Text scale-4,40,0.6488,0.594,0.6979,0.5227,0.4577,0.5826,0.8553,0.8149,0.8949,1,
512,P2c Text scale-4,50,0.6545,0.5988,0.7032,0.5272,0.4637,0.5869,0.8627,0.822,0.901,1,
512,P2c Text scale-8,20,0.607,0.5485,0.6561,0.4892,0.4258,0.5452,0.7996,0.7455,0.8467,1,
512,P2c Text scale-8,30,0.6451,0.59,0.6942,0.5199,0.4554,0.5787,0.8497,0.8092,0.8905,1,
512,P2c Text scale-8,40,0.6521,0.5963,0.7011,0.5255,0.461,0.585,0.859,0.8194,0.8977,1,
512,P2c Text scale-8,50,0.6577,0.6009,0.7061,0.5301,0.4647,0.5888,0.8664,0.8272,0.9032,1,
512,P2d Image terse,20,0.6052,0.5632,0.6454,0.5136,0.4656,0.5568,0.7365,0.6893,0.7837,1,
512,P2d Image terse,30,0.6494,0.6074,0.6912,0.5511,0.5024,0.5964,0.7904,0.7447,0.8375,1,
512,P2d Image terse,40,0.6951,0.6542,0.7294,0.5899,0.5418,0.6318,0.846,0.8041,0.8849,1,
512,P2d Image terse,50,0.7165,0.6754,0.7504,0.608,0.5572,0.6529,0.872,0.8333,0.9094,1,
512,P2d Image verbose,20,0.6027,0.5541,0.6473,0.5202,0.4684,0.5667,0.7161,0.6615,0.7683,1,
512,P2d Image verbose,30,0.6682,0.6225,0.7106,0.5768,0.5255,0.6231,0.7941,0.7428,0.8439,1,
512,P2d Image verbose,40,0.7104,0.6688,0.7456,0.6132,0.5626,0.6558,0.8442,0.8006,0.8842,1,
512,P2d Image verbose,50,0.726,0.6863,0.7611,0.6267,0.5753,0.6707,0.8627,0.8234,0.8998,1,
512,P2d Text terse,20,0.5984,0.5368,0.6507,0.485,0.4197,0.5463,0.7811,0.7265,0.8307,1,
512,P2d Text terse,30,0.6269,0.5656,0.6796,0.5081,0.4432,0.5713,0.8182,0.7677,0.8648,1,
512,P2d Text terse,40,0.6439,0.5846,0.6977,0.5219,0.4555,0.5849,0.8404,0.7959,0.8823,1,
512,P2d Text terse,50,0.6539,0.5989,0.7078,0.53,0.4635,0.5943,0.8534,0.8118,0.8931,1,
512,P2d Text verbose,20,0.5834,0.5254,0.6362,0.4887,0.4236,0.5457,0.7236,0.6659,0.7821,1,
512,P2d Text verbose,30,0.6298,0.5731,0.6796,0.5276,0.4628,0.5893,0.7811,0.7299,0.8331,1,
512,P2d Text verbose,40,0.6552,0.6002,0.7038,0.5489,0.4834,0.608,0.8126,0.764,0.8623,1,
512,P2d Text verbose,50,0.6672,0.6135,0.7153,0.5589,0.4931,0.6183,0.8275,0.7857,0.8712,1,
512,P2e Canonical first,20,0.5985,0.5467,0.6453,0.5084,0.4573,0.5561,0.7273,0.668,0.7849,1,
512,P2e Canonical first,30,0.6641,0.6174,0.706,0.5642,0.515,0.609,0.8071,0.7554,0.8574,1,
512,P2e Canonical first,40,0.7145,0.6736,0.7493,0.607,0.5569,0.6491,0.8683,0.8284,0.9077,1,
512,P2e Canonical first,50,0.7298,0.6873,0.765,0.62,0.5687,0.6638,0.8868,0.8481,0.9223,1,
512,P2e Canonical last,20,0.6314,0.5867,0.6717,0.5325,0.4855,0.5758,0.7755,0.7212,0.8245,1,
512,P2e Canonical last,30,0.6858,0.6397,0.725,0.5783,0.5276,0.6243,0.8423,0.7936,0.8818,1,
512,P2e Canonical last,40,0.7175,0.6762,0.7533,0.6051,0.5539,0.6501,0.8813,0.8409,0.9162,1,
512,P2e Canonical last,50,0.7236,0.6813,0.7574,0.6102,0.5594,0.6544,0.8887,0.8518,0.92,1,
512,P2e Config default,20,0.6057,0.561,0.6541,0.5199,0.4758,0.5678,0.7254,0.6697,0.7788,1,
512,P2e Config default,30,0.6708,0.6296,0.7092,0.5758,0.529,0.6193,0.8033,0.7559,0.848,1,
512,P2e Config default,40,0.7126,0.6742,0.7474,0.6117,0.5645,0.6528,0.8534,0.8112,0.8931,1,
512,P2e Config default,50,0.7343,0.6945,0.7686,0.6303,0.5818,0.672,0.8794,0.8393,0.9163,1,
512,P2e Random,20,0.5706,0.5188,0.6178,0.4726,0.4181,0.5218,0.7199,0.6678,0.7666,1,
512,P2e Random,30,0.6441,0.5948,0.6878,0.5335,0.477,0.5842,0.8126,0.7662,0.8557,1,
512,P2e Random,40,0.6735,0.6256,0.7144,0.5579,0.4994,0.6092,0.8497,0.8102,0.8869,1,
512,P2e Random,50,0.6971,0.6488,0.7381,0.5773,0.5182,0.6305,0.8794,0.8449,0.9127,1,
