candidate_id,human_label,buffer_metres,x,y,map_name
0,mound,50,322769.12281904556,4690845.637568707,K-35-050-4
1,mound,50,477832.3181197375,4727158.660135224,K-35-042-3
2,mound,50,334910.77119240654,4688978.066465826,K-35-050-4
3,mound,75,335901.35125099437,4691125.095688898,K-35-051-3
4,mound,50,338634.395872549,4698651.038544204,K-35-051-3
5,mound,50,363183.50388242316,4701467.592736447,K-35-051-4
6,mound,50,376112.4767817109,4688363.374051492,K-35-051-4
7,mound,50,410767.5233057164,4708199.59707505,K-35-052-2
8,mound,50,407931.98095370096,4708880.239759713,K-35-052-2
9,mound,50,396171.1552858995,4693952.597377411,K-35-052-3
10,mound,50,432984.5902692997,4720483.532732221,K-35-053-1
11,mound,50,420815.00324412837,4711548.0107046105,K-35-053-1
12,mound,50,448087.3681123597,4705497.972237923,K-35-053-2
13,mound,50,440069.00779154385,4719300.865342047,K-35-053-2
14,mound,50,450645.7901107031,4697001.612029184,K-35-053-4_Boyadzhik
15,mound,50,450044.36077715916,4695750.246632583,K-35-053-4_Boyadzhik
16,mound,50,455341.48046715365,4697354.11453493,K-35-053-4_Boyadzhik
17,mound,50,455128.7119326075,4695572.549943693,K-35-053-4_Boyadzhik
18,mound,50,457441.6467380968,4690325.466850588,K-35-053-4_Boyadzhik
19,mound,50,442086.18835544074,4695908.450896829,K-35-053-4_Boyadzhik
20,mound,50,442572.23934484366,4695443.121945407,K-35-053-4_Boyadzhik
21,mound,50,460426.1720920166,4716531.749610429,K-35-054-1_Straldzha_4326
22,mound,50,467198.6723874764,4706930.135152716,K-35-054-1_Straldzha_4326
23,mound,50,453152.7873781556,4701329.796854266,K-35-053-4_Boyadzhik
24,mound,50,468688.0324043914,4711597.1925192,K-35-054-1_Straldzha_4326
25,mound,50,468104.9696444536,4711256.943824422,K-35-054-1_Straldzha_4326
26,mound,50,468175.8496504513,4711305.144572903,K-35-054-1_Straldzha_4326
27,mound,50,465647.7039484841,4711429.620851791,K-35-054-1_Straldzha_4326
28,mound,50,460041.55056489835,4719067.697602658,K-35-054-1_Straldzha_4326
29,mound,50,465755.75543915917,4708489.908873764,K-35-054-1_Straldzha_4326
30,mound,50,465611.29626826826,4711427.320821442,K-35-054-1_Straldzha_4326
31,mound,75,470670.4464168664,4713673.08566023,K-35-054-1_Straldzha_4326
32,mound,50,471688.06245010364,4711874.78055641,K-35-054-1_Straldzha_4326
33,mound,100,471890.1479064836,4722148.140391675,K-35-054-1_Straldzha_4326
34,mound,50,476551.90382208297,4715067.144571103,K-35-054-1_Straldzha_4326
35,mound,125,440528.9120235698,4689185.122988405,K-35-053-4_Boyadzhik
36,mound,50,478812.39742804546,4711067.771604486,K-35-054-1_Straldzha_4326
37,mound,50,478448.7532411781,4715713.425461321,K-35-054-1_Straldzha_4326
38,mound,50,475074.0167739135,4713835.507291152,K-35-054-1_Straldzha_4326
39,mound,50,462782.16455546016,4714354.478279981,K-35-054-1_Straldzha_4326
40,mound,125,480280.6872146091,4705738.045640189,K-35-054-2_Atolov_4326
41,mound,50,488914.79813742306,4716915.94809904,K-35-054-2_Atolov_4326
42,mound,50,492466.120149282,4721589.960867549,K-35-054-2_Atolov_4326
43,mound,50,492766.0343866625,4721955.819569013,K-35-054-2_Atolov_4326
44,mound,75,492899.63138996373,4722076.198614211,K-35-054-2_Atolov_4326
45,mound,50,492424.2910067803,4720274.970296188,K-35-054-2_Atolov_4326
46,mound,50,492066.5863352948,4720377.796635346,K-35-054-2_Atolov_4326
47,mound,50,492755.393983536,4708491.326097317,K-35-054-2_Atolov_4326
48,mound,50,491781.21842193766,4707731.234141952,K-35-054-2_Atolov_4326
49,mound,50,499750.3737874672,4717339.143802111,K-35-054-2_Atolov_4326
50,mound,125,462958.46004028106,4702942.689053115,K-35-054-3_Yambol
51,mound,50,467053.8348926434,4698765.485440846,K-35-054-3_Yambol
52,mound,50,468490.43686273287,4703668.891931928,K-35-054-3_Yambol
53,mound,50,464102.5057380498,4698940.598889835,K-35-054-3_Yambol
54,mound,50,471461.0393961333,4688260.49164193,K-35-054-3_Yambol
55,mound,50,486243.7868987007,4703079.440581981,K-35-054-4_Voynika
56,mound,50,475831.4132403382,4711757.987526071,K-35-054-1_Straldzha_4326
57,mound,125,485717.4248940089,4703360.5384459235,K-35-054-4_Voynika
58,mound,100,485606.1321919792,4703296.864507353,K-35-054-4_Voynika
59,mound,50,494608.2154372952,4688146.4047726495,K-35-054-4_Voynika
60,mound,50,520092.25194796285,4723343.619877436,K-35-055-1
61,mound,100,502955.6959490068,4709707.394925845,K-35-055-1
62,mound,50,526434.7447839115,4715377.977056999,K-35-055-2
63,mound,50,532890.1489244979,4718196.0612380225,K-35-055-2
64,mound,75,504645.1251745307,4706978.901092476,K-35-055-1
65,mound,75,506804.5527178891,4702470.251770305,K-35-055-3
66,mound,50,501950.8773968914,4696740.6640748875,K-35-055-3
67,mound,100,509168.63696766796,4696315.249685689,K-35-055-3
68,mound,125,540003.7987188176,4695879.1373426225,K-35-055-4
69,mound,50,328450.12003241404,4656601.890136721,K-35-062-4_Asenovgrad_4326
70,mound,50,328402.9523818279,4658830.644356257,K-35-062-4_Asenovgrad_4326
71,mound,50,327688.21472729906,4658401.088262779,K-35-062-4_Asenovgrad_4326
72,mound,50,326976.7423241713,4658046.663406324,K-35-062-4_Asenovgrad_4326
73,mound,50,328664.88710824103,4652073.174001694,K-35-062-4_Asenovgrad_4326
74,mound,50,317282.89280189044,4657434.082931238,K-35-062-4_Asenovgrad_4326
75,mound,50,342851.88975568506,4677228.113737117,K-35-063-1_Granit_4326
76,mound,50,344446.44394618797,4673241.480535795,K-35-063-1_Granit_4326
77,mound,75,344521.6899763964,4683305.355826339,K-35-063-1_Granit_4326
78,mound,50,344523.77560229145,4683220.766557053,K-35-063-1_Granit_4326
79,mound,50,344183.7303090997,4674481.942143249,K-35-063-1_Granit_4326
80,mound,50,342720.4477320449,4684697.384161863,K-35-063-1_Granit_4326
81,mound,50,346194.74373621907,4672654.093935454,K-35-063-1_Granit_4326
82,mound,50,346086.123222377,4672368.814468957,K-35-063-1_Granit_4326
83,mound,50,349163.09179214155,4684614.7795465095,K-35-063-1_Granit_4326
84,mound,50,349362.0433379315,4684490.822322491,K-35-063-1_Granit_4326
85,mound,50,349448.69417698495,4684489.554767073,K-35-063-1_Granit_4326
86,mound,50,348986.4482334402,4683899.92895837,K-35-063-1_Granit_4326
87,mound,50,352370.26754203514,4686651.362518783,K-35-063-1_Granit_4326
88,mound,50,337400.5968318843,4686653.428976339,K-35-063-1_Granit_4326
89,mound,50,337361.21714040264,4686583.830286405,K-35-063-1_Granit_4326
90,mound,50,337271.06872359576,4686510.632582364,K-35-063-1_Granit_4326
91,mound,100,351895.49180968513,4676317.962264922,K-35-063-1_Granit_4326
92,mound,100,342262.78011528036,4686563.052477458,K-35-063-1_Granit_4326
93,mound,50,354816.52300394117,4683809.687511363,K-35-063-1_Granit_4326
94,mound,100,337095.84158572636,4676590.599132555,K-35-063-1_Granit_4326
95,mound,50,351076.96678948915,4684119.828283523,K-35-063-1_Granit_4326
96,mound,50,338403.5443328588,4688136.538209286,K-35-063-1_Granit_4326
97,mound,50,351644.2538243025,4677353.5714357905,K-35-063-1_Granit_4326
98,mound,50,336704.77837545186,4673070.266873625,K-35-063-1_Granit_4326
99,mound,50,355760.52192250936,4683827.766489743,K-35-063-2_Chirpan_4326
100,mound,50,355902.66395733977,4683612.745219555,K-35-063-2_Chirpan_4326
101,mound,50,353318.13682258636,4684410.029152113,K-35-063-1_Granit_4326
102,mound,50,369468.9869342208,4678479.062647489,K-35-063-2_Chirpan_4326
103,mound,50,355197.91954470944,4684473.141842251,K-35-063-1_Granit_4326
104,mound,50,355205.4740373495,4684323.7220794195,K-35-063-1_Granit_4326
105,mound,50,354946.89368001797,4684223.45671096,K-35-063-1_Granit_4326
106,mound,50,354880.80388370267,4684439.925204617,K-35-063-1_Granit_4326
107,mound,50,354818.7481991527,4683833.525200976,K-35-063-1_Granit_4326
108,mound,50,347506.7805138721,4669765.988547052,K-35-063-3_Tatarevo_4326
109,mound,50,360207.7044050703,4669786.3075326225,K-35-063-2_Chirpan_4326
110,mound,50,349039.6967579377,4669619.7531195255,K-35-063-3_Tatarevo_4326
111,mound,125,336226.1925962367,4657944.052977482,K-35-063-3_Tatarevo_4326
112,mound,75,351073.166899994,4651721.342963819,K-35-063-3_Tatarevo_4326
113,mound,50,351903.17267666216,4669738.041441192,K-35-063-3_Tatarevo_4326
114,mound,50,353144.40725896787,4669431.356518463,K-35-063-3_Tatarevo_4326
115,mound,50,351537.6396557676,4658529.383208953,K-35-063-3_Tatarevo_4326
116,mound,50,364804.2435822963,4657702.16357265,K-35-063-4_Skobelevo_4326
117,mound,50,364531.0823493146,4660668.112466241,K-35-063-4_Skobelevo_4326
118,mound,50,355725.9582743417,4658651.750222866,K-35-063-4_Skobelevo_4326
119,mound,50,367372.56752631295,4658925.86256777,K-35-063-4_Skobelevo_4326
120,mound,50,367470.3738991111,4658836.836117624,K-35-063-4_Skobelevo_4326
121,mound,50,367020.7504676852,4658772.559682758,K-35-063-4_Skobelevo_4326
122,mound,75,373362.1159313132,4662833.59801345,K-35-063-4_Skobelevo_4326
123,mound,150,358318.8612609785,4651899.664878185,K-35-063-4_Skobelevo_4326
124,mound,50,376310.01226054924,4680729.137637389,K-35-064-1_Sredets_4326
125,mound,50,376285.8925960991,4681248.7512720665,K-35-064-1_Sredets_4326
126,mound,50,376353.4287973352,4686330.843216799,K-35-064-1_Sredets_4326
127,mound,50,384959.81383755663,4669243.811495922,K-35-064-1_Sredets_4326
128,mound,50,385951.93018642237,4677728.804076168,K-35-064-1_Sredets_4326
129,mound,100,390969.0340954292,4680224.651101042,K-35-064-1_Sredets_4326
130,mound,50,380593.40543224657,4674578.384381049,K-35-064-1_Sredets_4326
131,mound,50,394909.39099268266,4670674.86649235,K-35-064-1_Sredets_4326
132,mound,50,395018.87544307875,4670570.096776542,K-35-064-1_Sredets_4326
133,mound,50,379835.89166941773,4680377.776500646,K-35-064-1_Sredets_4326
134,mound,50,401565.9178944808,4670329.808395459,K-35-064-2_Radnevo_4326
135,mound,50,404714.57927438075,4670423.419325928,K-35-064-2_Radnevo_4326
136,mound,50,402018.53102410276,4674942.75138496,K-35-064-2_Radnevo_4326
137,mound,50,402577.67817569996,4679938.188195147,K-35-064-2_Radnevo_4326
138,mound,50,406719.69514682796,4679735.484565202,K-35-064-2_Radnevo_4326
139,mound,50,405264.3728658959,4680033.451311331,K-35-064-2_Radnevo_4326
140,mound,50,410541.5665456828,4684925.065463121,K-35-064-2_Radnevo_4326
141,mound,50,412491.82401779294,4685077.703778014,K-35-064-2_Radnevo_4326
142,mound,100,335648.5005298831,4677216.104008463,K-35-063-1_Granit_4326
143,mound,50,405162.5290055548,4669771.407874401,K-35-064-2_Radnevo_4326
144,mound,50,413665.06339725415,4683569.272671603,K-35-064-2_Radnevo_4326
145,mound,50,414985.30873231933,4673288.747663642,K-35-064-2_Radnevo_4326
146,mound,50,375869.4074660472,4659324.815757209,K-35-064-3_Dimitrovgrad_4326
147,mound,50,375861.01037321315,4659185.868393522,K-35-064-3_Dimitrovgrad_4326
148,mound,50,396494.32099748286,4662808.764231616,K-35-064-3_Dimitrovgrad_4326
149,mound,50,396604.8371775265,4651156.916958843,K-35-064-4_Galabovo_4326
150,mound,50,402442.52520423476,4660693.211228226,K-35-064-4_Galabovo_4326
151,mound,50,396585.67694571655,4662686.854590829,K-35-064-4_Galabovo_4326
152,mound,50,409828.2127801005,4650528.339834765,K-35-064-4_Galabovo_4326
153,mound,50,412181.7806784211,4661136.394774017,K-35-064-4_Galabovo_4326
154,mound,50,426759.2595549247,4678382.722669078,K-35-065-1_Radetski_4326
155,mound,50,438110.9715779822,4680946.65219772,K-35-065-2_GManastir_4326
156,mound,50,436760.20793956844,4680126.521848042,K-35-065-1_Radetski_4326
157,mound,125,447636.8977889095,4673134.6214379,K-35-065-2_GManastir_4326
158,mound,50,451567.0390224618,4677748.235559715,K-35-065-2_GManastir_4326
159,mound,100,418504.55474623636,4658036.174173866,K-35-065-3_Glavan_4326
160,mound,50,428986.0103372202,4663283.78928519,K-35-065-3_Glavan_4326
161,mound,75,433208.5245736612,4665522.511577818,K-35-065-3_Glavan_4326
162,mound,50,435095.51366794115,4655873.008806828,K-35-065-3_Glavan_4326
163,mound,50,434290.6152740869,4655088.790731287,K-35-065-3_Glavan_4326
164,mound,50,434784.44708468096,4655174.426293194,K-35-065-3_Glavan_4326
165,mound,50,420561.8622105652,4656905.348051256,K-35-065-3_Glavan_4326
166,mound,100,460223.67537342635,4668697.565592001,K-35-066-1
167,mound,100,463951.1671329505,4684100.020290228,K-35-066-1
168,mound,50,464757.0408290785,4678017.68229532,K-35-066-1
169,mound,50,472048.1563382853,4678882.684914874,K-35-066-1
170,mound,75,472829.392025711,4679674.211627762,K-35-066-1
171,mound,50,476002.6912117663,4674950.547432017,K-35-066-1
172,mound,50,477267.35609806963,4677249.577973224,K-35-066-1
173,mound,150,488609.02207758324,4684368.461945772,K-35-066-2
174,mound,100,490149.17623171647,4678186.554532058,K-35-066-2
175,mound,50,478806.21679306455,4682091.56779189,K-35-066-1
176,mound,50,497913.93932200875,4679155.74515385,K-35-066-2
177,mound,75,471012.2756641945,4663668.633507753,K-35-066-3
178,mound,50,458802.0563623842,4653952.539063168,K-35-066-3
179,mound,75,488511.91021030536,4667444.485829235,K-35-066-4
180,mound,50,471765.5581236047,4662231.181064048,K-35-066-3
181,mound,50,463742.5226585639,4664380.9776635235,K-35-066-3
182,mound,50,476953.8682063625,4668298.022882192,K-35-066-1
183,mound,50,500424.16603118717,4685907.387316988,K-35-067-1
184,mound,50,512146.62137083686,4682725.577100538,K-35-067-1
185,mound,50,502336.8109317571,4685584.873673256,K-35-067-1
186,mound,50,502664.03794181964,4681940.272501512,K-35-067-1
187,mound,50,537025.4891938117,4678024.255449736,K-35-067-2
188,mound,50,528163.0337825208,4669567.55429439,K-35-067-2
189,mound,50,532850.608578343,4670108.30429974,K-35-067-2
190,mound,50,533428.8417133073,4677201.085103799,K-35-067-2
191,mound,50,501266.70989081793,4656331.552585202,K-35-067-3
192,mound,50,510032.21499985637,4664531.11805087,K-35-067-3
193,mound,75,516787.37647375104,4666770.74189507,K-35-067-3
194,mound,50,502327.5948588225,4661837.56518443,K-35-067-3
195,mound,50,530792.5703265485,4657524.708227453,K-35-067-4
196,mound,50,538147.5446331687,4660656.139579659,K-35-067-4
197,mound,50,530973.5839759739,4657455.1408255985,K-35-067-4
198,mound,50,302473.9991595439,4625872.734648609,K-35-074-3
199,mound,150,512391.4297989929,4675477.774304446,K-35-067-1
200,mound,50,335593.55075330945,4649843.665890825,K-35-075-1
201,mound,50,342400.61806327803,4651406.160372101,K-35-075-1
202,mound,50,347875.0299867385,4645356.758761241,K-35-075-1
203,mound,100,335478.69095445547,4649678.538115545,K-35-075-1
204,mound,50,350145.2283415084,4651154.133578406,K-35-075-1
205,mound,50,345833.8389682804,4651129.11908866,K-35-075-1
206,mound,50,338317.93997311965,4644686.7771534575,K-35-075-1
207,mound,50,370792.09849199164,4650580.602025092,K-35-075-2
208,mound,50,367621.7772233892,4646311.43284818,K-35-075-2
209,mound,50,362141.00595759676,4641978.566177576,K-35-075-2
210,mound,50,374879.76243034936,4639434.265306488,K-35-075-2
211,mound,50,369941.21484464407,4647388.670450493,K-35-075-2
212,mound,100,366332.58959350997,4649721.87010674,K-35-075-2
213,mound,50,334395.4826918878,4647092.396465078,K-35-075-1
214,mound,50,353866.2190142085,4627750.788698006,K-35-075-3
215,mound,50,385511.8064332153,4637588.483588287,K-35-076-1
216,mound,50,386890.81133678154,4650408.813942738,K-35-076-1
217,mound,75,387879.73742044345,4633835.029781407,K-35-076-1
218,mound,50,384994.0203053726,4648526.515625425,K-35-076-1
219,mound,125,395620.3129825921,4648283.935674935,K-35-076-1
220,mound,50,396964.9649095941,4643961.557926274,K-35-076-2
221,mound,50,397255.5145782819,4643813.8690134315,K-35-076-2
222,mound,50,396405.2549183027,4647536.5451764995,K-35-076-2
223,mound,50,396360.11538467905,4647360.497463327,K-35-076-2
224,mound,50,397625.9892252882,4647324.0793247,K-35-076-2
225,mound,50,397322.7849591067,4647018.876824234,K-35-076-2
226,mound,50,397614.8859184999,4646969.902729358,K-35-076-2
227,mound,50,404613.96594887757,4643865.451448247,K-35-076-2
228,mound,50,402702.1619785324,4647563.251559686,K-35-076-2
229,mound,50,404640.8138960752,4648128.949953099,K-35-076-2
230,mound,50,404565.3012926487,4647730.62610747,K-35-076-2
231,mound,50,405936.71896440064,4647133.115050967,K-35-076-2
232,mound,50,409721.4339235075,4649761.943159974,K-35-076-2
233,mound,50,407990.072057562,4649422.949867356,K-35-076-2
234,mound,50,408042.4284330273,4649075.648219754,K-35-076-2
235,mound,50,407333.12968497025,4649453.638394506,K-35-076-2
236,mound,50,412660.93330177286,4644813.980482765,K-35-076-2
237,mound,50,412595.1625223199,4644123.949615524,K-35-076-2
238,mound,50,377517.57689052867,4650637.055892599,K-35-076-1
239,mound,50,409867.9432603296,4648800.914707513,K-35-076-2
240,mound,50,410333.31486411457,4648619.56081098,K-35-076-2
241,mound,50,397553.06067961146,4645945.7288548425,K-35-076-2
242,mound,50,411992.0454759299,4648559.664417473,K-35-076-2
243,mound,50,411888.5965670293,4648097.583498988,K-35-076-2
244,mound,50,394954.48723030323,4641157.5858711805,K-35-076-1
245,mound,50,410343.553718654,4646909.362371114,K-35-076-2
246,mound,50,413729.33562593296,4648093.435414118,K-35-076-2
247,mound,50,414534.91856044746,4648092.829490237,K-35-076-2
248,mound,50,398102.8251125454,4643524.848633961,K-35-076-2
249,mound,50,399390.08115116,4643472.931751877,K-35-076-2
250,mound,50,415398.46841307974,4644393.131737611,K-35-076-2
251,mound,50,416479.288708541,4643915.396952004,K-35-076-2
252,mound,50,413283.66147441004,4649974.122213607,K-35-076-2
253,mound,50,413694.5073187466,4649745.8312988905,K-35-076-2
254,mound,50,413912.26715623337,4649587.1635012,K-35-076-2
255,mound,50,398237.62301973556,4646791.960960122,K-35-076-2
256,mound,50,398932.7630816722,4646328.080765796,K-35-076-2
257,mound,50,398142.5537252118,4646179.197155009,K-35-076-2
258,mound,50,399888.1690976688,4644012.349025295,K-35-076-2
259,mound,50,414914.9601664497,4648141.67546048,K-35-076-2
260,mound,50,415321.5235798368,4648191.705689116,K-35-076-2
261,mound,50,400606.4921770625,4643149.310344997,K-35-076-2
262,mound,50,400678.18428790517,4643101.333099757,K-35-076-2
263,mound,50,400503.79361411,4648403.528885528,K-35-076-2
264,mound,150,393995.45547853276,4634567.306335055,K-35-076-1
265,mound,50,401637.1881438065,4615082.873377882,K-35-076-4
266,mound,75,377934.3189306939,4629844.516831126,K-35-076-3
267,mound,100,401076.7917029981,4630123.832852522,K-35-076-4
268,mound,50,418396.4960238573,4633967.2558881575,K-35-077-1
269,mound,50,399373.0598462536,4618122.944159527,K-35-076-4
270,mound,50,417282.9548753721,4636355.636292756,K-35-077-1
271,mound,50,428432.2348498495,4642673.8002411835,K-35-077-1
272,mound,50,433117.0889256737,4644849.613849892,K-35-077-1
273,mound,50,436543.4987482477,4635110.838980169,K-35-077-1
274,mound,50,437256.7207906621,4644294.256193921,K-35-077-1
275,mound,50,438299.30782840744,4642773.095142674,K-35-077-2
276,mound,50,438710.4432344909,4634529.399734234,K-35-077-2
277,mound,50,439192.54200869164,4640384.256389651,K-35-077-2
278,mound,50,444870.4966636764,4634620.9069679,K-35-077-2
279,mound,50,438527.75147445063,4634901.79487172,K-35-077-2
280,mound,50,443756.98635234724,4643247.679224824,K-35-077-2
281,mound,50,438168.5872224325,4643981.519229799,K-35-077-2
282,mound,50,437966.6236393319,4643270.642885483,K-35-077-2
283,mound,50,437882.0801408593,4643193.71089908,K-35-077-2
284,mound,50,443927.65976463846,4635343.7482568445,K-35-077-2
285,mound,50,443940.5134319306,4634516.092542949,K-35-077-2
286,mound,50,442751.5507764906,4634466.438149408,K-35-077-2
287,mound,75,449660.72120548936,4632057.956717782,K-35-077-2
288,mound,50,449473.4270633895,4632221.462025722,K-35-077-2
289,mound,50,445999.0476792916,4631961.05344064,K-35-077-2
290,mound,100,453568.75157100824,4633058.035086238,K-35-077-2
291,mound,50,453587.3967784649,4632982.690040517,K-35-077-2
292,mound,50,446642.4621838176,4634847.212660592,K-35-077-2
293,mound,50,449612.9823560473,4632058.515923261,K-35-077-2
294,mound,50,452139.9647818182,4631679.184036146,K-35-077-2
295,mound,50,425756.2688471523,4624699.963585111,K-35-077-3
296,mound,50,425669.36654267873,4624629.765418389,K-35-077-3
297,mound,50,425902.4385920204,4628671.986922215,K-35-077-3
298,mound,50,426625.0121444201,4628536.126590539,K-35-077-3
299,mound,50,440720.6009559982,4634119.738046183,K-35-077-2
300,mound,50,439874.001867719,4633939.680798832,K-35-077-2
301,mound,50,424087.07405892544,4624533.541694504,K-35-077-3
302,mound,50,425268.35856386303,4620737.113840352,K-35-077-3
303,mound,50,424403.6066121116,4620661.288669682,K-35-077-3
304,mound,50,425215.18773135403,4620851.482590793,K-35-077-3
305,mound,50,440074.985005167,4632533.676108518,K-35-077-2
306,mound,50,446584.3358807515,4630517.885297219,K-35-077-4
307,mound,50,420521.8202365821,4616684.9208886465,K-35-077-3
308,mound,50,442553.18289656733,4622988.640883221,K-35-077-4
309,mound,150,450949.1989711416,4630505.084869056,K-35-077-4
310,mound,50,437344.727359379,4719375.091098976,K-35-053-1
311,mound,50,512888.02366582846,4710294.961604647,K-35-055-1
312,mound,50,325226.56053280365,4658389.594758909,K-35-062-4_Asenovgrad_4326
313,mound,50,380757.23750285315,4674440.976645757,K-35-064-1_Sredets_4326
314,mound,125,414540.4669371967,4676725.139511772,K-35-064-2_Radnevo_4326
315,mound,75,516892.26175010117,4667179.073995258,K-35-067-3
316,mound,50,338796.8782130202,4644957.511204619,K-35-075-1
317,mound,125,398249.4999657488,4646899.716467193,K-35-076-2
318,mound,50,416931.9722694679,4632096.983221462,K-35-077-1
319,mound,50,435348.01896019035,4649877.294134155,K-35-077-1
320,mound,50,381118.87896424095,4688531.030684632,K-35-052-3
321,mound,75,375317.2265575996,4662300.705672138,K-35-063-4_Skobelevo_4326
322,mound,100,458056.85337343975,4659829.820403496,K-35-065-4
323,mound,50,336290.21963168395,4696958.06313015,K-35-051-3
324,mound,75,341721.9153214452,4696087.341843923,K-35-051-3
325,mound,50,360793.84899455425,4701050.738545369,K-35-051-4
326,mound,50,395286.1512784786,4694105.102890314,K-35-052-3
327,mound,150,381703.0675263531,4696041.952277134,K-35-052-3
328,mound,50,457770.7204287829,4712063.668776312,K-35-053-2
329,mound,50,456661.2942823143,4693737.100194244,K-35-053-4_Boyadzhik
330,mound,50,450822.76592343085,4703814.822595004,K-35-053-4_Boyadzhik
331,mound,50,478793.99378349906,4721281.480426931,K-35-054-1_Straldzha_4326
332,mound,50,465588.89695693186,4715822.698315332,K-35-054-1_Straldzha_4326
333,mound,50,484717.66478618386,4710582.77591911,K-35-054-2_Atolov_4326
334,mound,50,481139.9886502434,4722071.458522251,K-35-054-2_Atolov_4326
335,mound,150,488677.6029353978,4705294.505529053,K-35-054-2_Atolov_4326
336,mound,50,486291.4080294416,4713522.839982312,K-35-054-2_Atolov_4326
337,mound,50,491794.57644783764,4718736.849628665,K-35-054-2_Atolov_4326
338,mound,50,492754.0557222359,4722160.824195576,K-35-054-2_Atolov_4326
339,mound,50,482805.27138793765,4716878.477690535,K-35-054-2_Atolov_4326
340,mound,50,486218.7166743732,4703078.712812742,K-35-054-4_Voynika
341,mound,50,476329.5738079207,4696511.2176741185,K-35-054-3_Yambol
342,mound,75,465555.49984767445,4707202.069579521,K-35-054-1_Straldzha_4326
343,mound,50,495974.4174418115,4691710.25773082,K-35-054-4_Voynika
344,mound,50,517733.6164794413,4706951.811744794,K-35-055-1
345,mound,50,525861.4043279083,4714087.270157969,K-35-055-2
346,mound,50,522185.68830620265,4716961.366837057,K-35-055-2
347,mound,50,482829.98100861936,4723113.0851626545,K-35-054-2_Atolov_4326
348,mound,50,535579.8132792034,4692431.415869057,K-35-055-4
349,mound,50,321984.5049544693,4658702.266428061,K-35-062-4_Asenovgrad_4326
350,mound,75,319163.79136037955,4667319.376345948,K-35-062-4_Asenovgrad_4326
351,mound,50,544914.7360286573,4698767.253198382,K-35-056-3
352,mound,50,347227.88615038974,4684890.043809734,K-35-063-1_Granit_4326
353,mound,50,347829.9684767863,4670467.718531778,K-35-063-1_Granit_4326
354,mound,50,346109.76802295423,4672360.7435319135,K-35-063-1_Granit_4326
355,mound,50,369428.7790401231,4678478.143348718,K-35-063-2_Chirpan_4326
356,mound,50,371028.46432790393,4680059.864957204,K-35-063-2_Chirpan_4326
357,mound,125,359924.65340682573,4676706.751571729,K-35-063-2_Chirpan_4326
358,mound,50,347507.4993233548,4669800.484904986,K-35-063-3_Tatarevo_4326
359,mound,50,361033.84986320086,4671490.491834101,K-35-063-2_Chirpan_4326
360,mound,50,338225.15621010296,4660281.298713207,K-35-063-3_Tatarevo_4326
361,mound,50,337063.7229049583,4668740.342605582,K-35-063-3_Tatarevo_4326
362,mound,75,376962.59978999046,4686635.2030640105,K-35-064-1_Sredets_4326
363,mound,50,388258.20656706527,4672096.465976533,K-35-064-1_Sredets_4326
364,mound,50,377176.76814812183,4678568.9883249225,K-35-064-1_Sredets_4326
365,mound,50,389193.08490803605,4678611.575162824,K-35-064-1_Sredets_4326
366,mound,50,385790.3037016398,4677545.892204956,K-35-064-1_Sredets_4326
367,mound,50,344435.91144320444,4683223.046814949,K-35-063-1_Granit_4326
368,mound,75,344520.9663093391,4682655.7274012165,K-35-063-1_Granit_4326
369,mound,150,404724.3047277498,4665292.794546254,K-35-064-4_Galabovo_4326
370,mound,50,399894.5406366164,4654811.00148701,K-35-064-4_Galabovo_4326
371,mound,75,409794.2732970227,4650529.993089026,K-35-064-4_Galabovo_4326
372,mound,50,473667.94530296564,4679946.535260757,K-35-066-1
373,mound,50,485483.9146354536,4684920.416536843,K-35-066-2
374,mound,50,482672.5858009835,4675215.187100513,K-35-066-2
375,mound,150,482534.75386577577,4683201.980531297,K-35-066-2
376,mound,75,477236.234955477,4663629.797832786,K-35-066-3
377,mound,50,528917.1281469904,4683489.550466642,K-35-067-2
378,mound,50,462645.77899146825,4685053.285614514,K-35-066-1
379,mound,50,534629.2906124118,4671516.571895584,K-35-067-2
380,mound,150,516475.21291072085,4664322.4657436535,K-35-067-3
381,mound,50,513134.65385710436,4664880.22314974,K-35-067-3
382,mound,50,503503.5446340675,4664589.293460652,K-35-067-3
383,mound,50,513627.16499556386,4664554.389955234,K-35-067-3
384,mound,50,528636.890789273,4658913.661736282,K-35-067-4
385,mound,75,528605.0549204119,4663099.026655542,K-35-067-4
386,mound,50,537796.8076540703,4658881.687827713,K-35-067-4
387,mound,50,373036.0274979846,4632569.101552576,K-35-075-2
388,mound,50,359425.20588182774,4637061.521405264,K-35-075-2
389,mound,50,363589.0654919867,4632147.107462189,K-35-075-4
390,mound,50,383390.1197896393,4650371.67238646,K-35-076-1
391,mound,50,403555.2763711107,4643666.081626188,K-35-076-2
392,mound,50,404620.603644665,4647147.125064442,K-35-076-2
393,mound,100,414891.0835525195,4633440.079030659,K-35-076-2
394,mound,50,388875.9978818048,4624600.327771242,K-35-076-3
395,mound,75,414663.163413402,4623993.435727276,K-35-076-4
396,mound,50,431048.22126363905,4632188.036786323,K-35-077-1
397,mound,50,434305.8462955358,4640950.256344655,K-35-077-1
398,mound,50,424921.89218743413,4628989.291145401,K-35-077-3
399,mound,75,425779.71583379677,4624729.885394438,K-35-077-3
400,mound,50,431134.0952220201,4628549.466430195,K-35-077-3
401,mound,75,442569.9554986817,4622975.626440839,K-35-077-4
402,mound,50,439975.6562626526,4704584.270666193,K-35-053-4_Boyadzhik
403,mound,50,465519.85703444143,4691217.193400881,K-35-054-3_Yambol
404,mound,100,325079.18809407344,4670158.236894839,K-35-062-4_Asenovgrad_4326
405,mound,50,402120.1501468011,4665668.372019105,K-35-064-4_Galabovo_4326
406,mound,150,409667.6171138881,4651712.280239452,K-35-064-4_Galabovo_4326
407,mound,50,476975.5054491801,4668296.619784918,K-35-066-1
408,mound,50,476964.2019744132,4668325.895506239,K-35-066-1
409,mound,125,326311.61153053574,4622034.020724869,K-35-074-4
410,mound,50,433173.32676339924,4633427.351853733,K-35-077-1
411,mound,50,325203.12837739143,4695719.236286511,K-35-050-4
412,mound,75,448144.1496566479,4708413.967224633,K-35-053-2
413,mound,100,457094.494150462,4722621.664052695,K-35-053-2
414,mound,50,497942.1407280011,4723275.448271099,K-35-054-2_Atolov_4326
415,mound,50,499576.8604890091,4696066.2988352,K-35-054-4_Voynika
416,mound,75,493776.2249857233,4693467.020434671,K-35-054-4_Voynika
417,mound,75,509680.34100008314,4710248.378309158,K-35-055-1
418,mound,50,508434.43016008695,4694312.105801836,K-35-055-3
419,mound,50,509313.22692039295,4694990.102103629,K-35-055-3
420,mound,50,509979.27901212196,4694864.327904055,K-35-055-3
421,mound,50,320857.25555448444,4655266.453427544,K-35-062-4_Asenovgrad_4326
422,mound,150,333830.79421783076,4665805.09280383,K-35-062-4_Asenovgrad_4326
423,mound,50,371883.18344480544,4682227.183104832,K-35-063-2_Chirpan_4326
424,mound,50,356785.0412240947,4673538.329924531,K-35-063-2_Chirpan_4326
425,mound,100,373610.3361111373,4684960.40647848,K-35-063-2_Chirpan_4326
426,mound,50,335186.77189119346,4651749.475035313,K-35-063-3_Tatarevo_4326
427,mound,50,335606.14002425445,4662242.817303014,K-35-063-3_Tatarevo_4326
428,mound,50,370016.3104002952,4651426.7001365535,K-35-063-4_Skobelevo_4326
429,mound,50,367496.34197521594,4658895.866535448,K-35-063-4_Skobelevo_4326
430,mound,75,363630.744954876,4659865.014440147,K-35-063-4_Skobelevo_4326
431,mound,50,376217.41560032335,4681575.733318926,K-35-064-1_Sredets_4326
432,mound,150,396180.52867234335,4669463.561315633,K-35-064-1_Sredets_4326
433,mound,50,394782.3044571715,4670812.071240944,K-35-064-1_Sredets_4326
434,mound,50,376649.9634499434,4662489.783476883,K-35-064-3_Dimitrovgrad_4326
435,mound,75,414808.53433479805,4659811.411418317,K-35-064-4_Galabovo_4326
436,mound,50,427822.93474220164,4680073.12374765,K-35-065-1_Radetski_4326
437,mound,75,447642.66145954904,4673077.115513544,K-35-065-2_GManastir_4326
438,mound,50,481247.056758996,4677727.498364047,K-35-066-2
439,mound,50,480949.50094625197,4665239.467049332,K-35-066-4
440,mound,50,480318.4962847953,4651334.639749895,K-35-066-4
441,mound,50,480843.02226592036,4651298.561315089,K-35-066-4
442,mound,50,528896.1947954056,4670923.995864489,K-35-067-2
443,mound,75,527692.6602078996,4670535.759888824,K-35-067-2
444,mound,50,528943.4017850264,4683694.188672785,K-35-067-2
445,mound,50,521424.74417397013,4667070.323519147,K-35-067-4
446,mound,75,528985.1192997448,4659577.834065871,K-35-067-4
447,mound,50,531025.7967020503,4657352.294395485,K-35-067-4
448,mound,100,526448.2660826691,4665218.34670273,K-35-067-4
449,mound,50,352378.7957957249,4651222.096955161,K-35-075-1
450,mound,50,353988.08090725326,4627526.734635693,K-35-075-3
451,mound,75,380501.89628451713,4640552.795114472,K-35-076-1
452,mound,50,376874.92387454875,4625922.89860427,K-35-076-3
453,mound,50,387448.0611445147,4629188.726189534,K-35-076-3
454,mound,125,416370.7803492302,4629288.000906146,K-35-076-4
455,mound,50,430580.11653894687,4639882.032873507,K-35-077-1
456,mound,75,506811.1790198031,4716430.577360165,K-35-055-1
457,mound,50,354018.14709756814,4671963.316246928,K-35-063-1_Granit_4326
458,mound,50,406157.1028102368,4643424.469758668,K-35-076-2
459,mound,75,323106.53237131215,4700775.938550783,K-35-050-4
460,mound,125,328113.37756634067,4697543.18215676,K-35-050-4
461,mound,125,319478.0367622047,4704163.861462545,K-35-050-4
462,mound,75,345243.28310748265,4703553.001679169,K-35-051-3
463,mound,100,350339.5257091993,4694943.7960007135,K-35-051-3
464,mound,75,355333.2840596961,4695696.970738536,K-35-051-3
465,mound,100,354743.2328771641,4688618.743797737,K-35-051-3
466,mound,75,338721.53371947235,4700364.47477346,K-35-051-3
467,mound,75,363211.57286623894,4689788.281373125,K-35-051-4
468,mound,75,363970.502650429,4689722.290963051,K-35-051-4
469,mound,75,361517.5515439061,4701431.583304216,K-35-051-4
470,mound,100,357582.7392247167,4696080.246132693,K-35-051-4
471,mound,75,408491.5341982503,4707831.062790283,K-35-052-2
472,mound,75,389508.90097405436,4691093.008204438,K-35-052-3
473,mound,100,380800.5072677459,4694016.4465884585,K-35-052-3
474,mound,75,380148.8473689882,4690306.337782244,K-35-052-3
475,mound,75,436231.0559158191,4709034.053435314,K-35-053-1
476,mound,125,432966.60493133863,4720579.655912819,K-35-053-1
477,mound,75,437895.915167496,4708208.676647189,K-35-053-1
478,mound,75,434571.7754413721,4712427.823112616,K-35-053-1
479,mound,75,455448.0220426585,4708074.346595725,K-35-053-2
480,mound,100,457709.73337463336,4717457.258676877,K-35-053-2
481,mound,75,445020.5769202781,4688544.016665232,K-35-053-4_Boyadzhik
482,mound,75,467142.63620086137,4720511.649083688,K-35-054-1_Straldzha_4326
483,mound,100,470639.8553818625,4706984.790216643,K-35-054-1_Straldzha_4326
484,mound,100,474950.7065427907,4708800.343565166,K-35-054-1_Straldzha_4326
485,mound,100,460924.27767725073,4721749.40492071,K-35-054-1_Straldzha_4326
486,mound,100,477666.1146515155,4722115.871012534,K-35-054-1_Straldzha_4326
487,mound,75,491247.37785558,4712386.553500433,K-35-054-2_Atolov_4326
488,mound,75,481124.5386588373,4722086.93547051,K-35-054-2_Atolov_4326
489,mound,125,467983.12193898513,4690400.462763704,K-35-054-3_Yambol
490,mound,100,485576.7694087131,4703306.641072246,K-35-054-4_Voynika
491,mound,75,496308.7620929237,4688777.169349739,K-35-054-4_Voynika
492,mound,75,499962.38603163,4708647.452880801,K-35-055-1
493,mound,150,515180.08345283405,4719159.456276573,K-35-055-1
494,mound,100,518496.7287586069,4708882.892475861,K-35-055-1
495,mound,75,520086.6465808877,4723580.976040743,K-35-055-1
496,mound,75,522213.5813330992,4716960.456643864,K-35-055-2
497,mound,75,504395.9017460252,4706965.48868344,K-35-055-1
498,mound,75,504526.1787665636,4706976.676019851,K-35-055-1
499,mound,75,505212.49140550115,4688817.664908328,K-35-055-3
500,mound,75,501275.8711367986,4703522.355907068,K-35-055-3
501,mound,75,509293.0511086042,4695001.623101219,K-35-055-3
502,mound,125,506733.35999677365,4694545.65884524,K-35-055-3
503,mound,125,530541.1729472717,4718648.30289745,K-35-055-2
504,mound,75,526636.4783380012,4695084.4988379115,K-35-055-4
505,mound,75,523900.4572863845,4690320.4157337835,K-35-055-4
506,mound,75,522336.8803719302,4690201.106556923,K-35-055-4
507,mound,75,557325.9699322693,4693297.640470584,K-35-056-3
508,mound,100,553520.4880383692,4694968.012430081,K-35-056-3
509,mound,75,544880.2724860023,4698767.475778305,K-35-056-3
510,mound,75,324987.2083757988,4659270.360411408,K-35-062-4_Asenovgrad_4326
511,mound,75,335502.0032931067,4672805.849478495,K-35-063-1_Granit_4326
512,mound,75,335783.260061159,4677767.902708281,K-35-063-1_Granit_4326
513,mound,75,346338.35447384877,4670954.893672148,K-35-063-1_Granit_4326
514,mound,75,350482.7458838409,4682307.106182336,K-35-063-1_Granit_4326
515,mound,75,346317.83071003633,4682424.708037992,K-35-063-1_Granit_4326
516,mound,75,356812.8436649563,4679501.881153216,K-35-063-2_Chirpan_4326
517,mound,75,356690.4791530438,4685188.398891853,K-35-063-2_Chirpan_4326
518,mound,100,356386.00474566326,4683337.267297275,K-35-063-2_Chirpan_4326
519,mound,100,366951.4751292274,4676791.79158221,K-35-063-2_Chirpan_4326
520,mound,125,357354.86928900157,4669936.66816899,K-35-063-2_Chirpan_4326
521,mound,75,373583.2117837211,4684759.183696143,K-35-063-2_Chirpan_4326
522,mound,75,357239.0491255885,4681639.699879655,K-35-063-2_Chirpan_4326
523,mound,75,375317.8355163294,4685044.141050306,K-35-063-2_Chirpan_4326
524,mound,75,335283.69947213866,4651751.888114558,K-35-063-3_Tatarevo_4326
525,mound,75,335570.13478980726,4662238.76687383,K-35-063-3_Tatarevo_4326
526,mound,100,351599.1586028792,4658536.145858078,K-35-063-3_Tatarevo_4326
527,mound,125,374229.38671182864,4652993.952628811,K-35-063-4_Skobelevo_4326
528,mound,125,377145.2524756288,4678567.836063552,K-35-064-1_Sredets_4326
529,mound,75,390090.30583571526,4661094.856444285,K-35-064-3_Dimitrovgrad_4326
530,mound,75,395403.6564530901,4668888.043619779,K-35-064-3_Dimitrovgrad_4326
531,mound,75,396320.42024744826,4662117.945271304,K-35-064-3_Dimitrovgrad_4326
532,mound,50,379066.18421317916,4659317.770571447,K-35-064-3_Dimitrovgrad_4326
533,mound,75,402721.550619381,4652210.27708381,K-35-064-4_Galabovo_4326
534,mound,100,410159.71007989836,4658300.874886747,K-35-064-4_Galabovo_4326
535,mound,75,424058.7532664897,4683809.402925492,K-35-065-1_Radetski_4326
536,mound,75,435667.8071586567,4686230.51581177,K-35-065-1_Radetski_4326
537,mound,100,442872.7467249288,4686231.397768117,K-35-065-2_GManastir_4326
538,mound,100,418951.7684993962,4665404.4551251875,K-35-065-3_Glavan_4326
539,mound,100,458079.4220338332,4659842.122446263,K-35-065-4
540,mound,150,467029.82160834136,4685148.449658866,K-35-066-1
541,mound,100,470199.49884526903,4676719.917656451,K-35-066-1
542,mound,75,486138.958485023,4676813.886296285,K-35-066-2
543,mound,100,486136.1006109855,4683555.0275769485,K-35-066-2
544,mound,75,490962.68090460665,4676513.346685619,K-35-066-2
545,mound,75,496515.12470867956,4674759.626708495,K-35-066-2
546,mound,100,499724.0766103596,4675803.148437654,K-35-066-2
547,mound,125,484271.23694372,4668404.366908203,K-35-066-2
548,mound,75,499175.9575352402,4685063.889239432,K-35-066-2
549,mound,100,487779.60744861735,4658091.794520266,K-35-066-4
550,mound,75,489370.51160820393,4666454.213167174,K-35-066-4
551,mound,75,481695.7606833288,4653018.9398246985,K-35-066-4
552,mound,150,508155.0204495964,4673231.341940555,K-35-067-1
553,mound,100,530978.8284586142,4676608.644669289,K-35-067-2
554,mound,100,537488.0165062916,4669992.471019706,K-35-067-2
555,mound,75,538760.5205952199,4668544.45141064,K-35-067-2
556,mound,75,536802.618474667,4669744.57936656,K-35-067-2
557,mound,75,503448.98288086144,4664622.909126374,K-35-067-3
558,mound,75,530743.6392399891,4657514.391447981,K-35-067-4
559,mound,100,531159.4325180636,4664285.793449432,K-35-067-4
560,mound,75,505126.49429557635,4662912.268636895,K-35-067-3
561,mound,150,504848.9873830419,4662194.922467347,K-35-067-3
562,mound,75,350748.11591115315,4650249.487176471,K-35-075-1
563,mound,75,366686.99194737547,4644249.734575272,K-35-075-2
564,mound,75,368895.69440998515,4644235.18045422,K-35-075-2
565,mound,75,373165.6087617253,4635066.434224948,K-35-075-2
566,mound,125,373140.71862475696,4644811.637418344,K-35-075-2
567,mound,75,373463.2291178508,4634696.625903562,K-35-075-2
568,mound,75,370087.5082157301,4634074.190865738,K-35-075-2
569,mound,75,373107.3444114628,4632571.941561027,K-35-075-2
570,mound,75,374362.4067389063,4627565.277764421,K-35-075-4
571,mound,100,383979.92723850074,4644780.933156745,K-35-076-1
572,mound,50,392406.7723883907,4644257.601373409,K-35-076-1
573,mound,75,394117.56440482003,4634727.962470473,K-35-076-1
574,mound,150,393998.43704157625,4634589.139563297,K-35-076-1
575,mound,75,390583.29494000605,4633698.786140626,K-35-076-1
576,mound,75,398048.5545501846,4643529.624971608,K-35-076-2
577,mound,75,383996.09525975486,4629951.65149107,K-35-076-3
578,mound,75,377106.9048947558,4630261.539181814,K-35-076-3
579,mound,75,401125.49743890425,4630065.689826393,K-35-076-4
580,mound,75,376744.80878888484,4625647.709418707,K-35-076-3
581,mound,100,409566.74518057966,4625942.671159708,K-35-076-4
582,mound,150,400955.8026714785,4630037.504417173,K-35-076-4
583,mound,125,428094.48473117774,4632560.150639024,K-35-077-1
584,mound,75,437336.47886083106,4644925.578167199,K-35-077-1
585,mound,75,437876.57125310454,4643268.487076018,K-35-077-2
586,mound,75,452200.07449493784,4631678.077730341,K-35-077-2
587,mound,100,425208.32379377633,4620913.587237415,K-35-077-3
588,mound,75,444364.00004711567,4625347.188338951,K-35-077-4
589,mound,75,381227.0028856082,4688535.046569807,K-35-052-3
590,mound,100,429586.8221344025,4720671.4508032715,K-35-053-1
591,mound,75,444467.8668796229,4693682.040109903,K-35-053-4_Boyadzhik
592,mound,75,450832.2942163153,4703872.27636427,K-35-053-4_Boyadzhik
593,mound,75,473864.21404265333,4722460.849794511,K-35-054-1_Straldzha_4326
594,mound,100,484394.49301229336,4718215.103621384,K-35-054-2_Atolov_4326
595,mound,100,486250.6152364822,4713520.699749023,K-35-054-2_Atolov_4326
596,mound,100,492681.6898755804,4721957.832822955,K-35-054-2_Atolov_4326
597,mound,75,497986.84906057175,4719755.422112599,K-35-054-2_Atolov_4326
598,mound,75,468140.76191043033,4686894.379435134,K-35-054-3_Yambol
599,mound,125,472322.030854914,4690015.651471976,K-35-054-3_Yambol
600,mound,75,490696.0111881465,4696489.979103765,K-35-054-4_Voynika
601,mound,75,518468.22048776475,4708887.036299009,K-35-055-1
602,mound,125,511764.7501115077,4698798.051605332,K-35-055-3
603,mound,75,543767.2517148177,4690372.00587038,K-35-056-3
604,mound,75,345351.4679580959,4671960.093300865,K-35-063-1_Granit_4326
605,mound,125,345407.6486070417,4671963.748027421,K-35-063-1_Granit_4326
606,mound,100,353968.92701471294,4671960.226422976,K-35-063-1_Granit_4326
607,mound,75,347801.94638388575,4680714.3326489115,K-35-063-1_Granit_4326
608,mound,100,347444.72740639455,4674912.778365928,K-35-063-1_Granit_4326
609,mound,75,354135.17724446923,4685518.46204053,K-35-063-1_Granit_4326
610,mound,150,367738.4047464533,4669951.421517754,K-35-063-2_Chirpan_4326
611,mound,75,370862.01848530094,4679016.81457833,K-35-063-2_Chirpan_4326
612,mound,75,361566.2486898417,4665847.277580902,K-35-063-4_Skobelevo_4326
613,mound,75,451409.88096790423,4677875.202065829,K-35-065-2_GManastir_4326
614,mound,75,453833.1041626808,4671929.966505506,K-35-065-2_GManastir_4326
615,mound,75,476444.3407860721,4685034.55873188,K-35-066-1
616,mound,100,496069.3120191914,4655302.24693408,K-35-066-4
617,mound,75,501750.2534465038,4663881.370986992,K-35-067-3
618,mound,75,521876.3015532986,4663426.282712001,K-35-067-4
619,mound,75,305317.4858948735,4635936.144860275,K-35-074-1
620,mound,75,325684.96549234045,4640130.432310141,K-35-074-2
621,mound,50,363089.18218844157,4644908.215988599,K-35-075-2
622,mound,100,361170.3620339453,4627876.278827735,K-35-075-4
623,mound,75,386673.73888155527,4648926.291705396,K-35-076-1
624,mound,100,408189.8945709837,4636705.619127995,K-35-076-2
625,mound,75,408036.9400322957,4649118.806585856,K-35-076-2
626,mound,75,380298.21233176213,4625052.3344540335,K-35-076-3
627,mound,100,455373.0782738781,4713789.844757815,K-35-053-2
628,mound,75,356659.9411394126,4676539.481394726,K-35-063-2_Chirpan_4326
629,mound,100,344485.46756178775,4682653.366071184,K-35-063-1_Granit_4326
630,mound,75,376595.10757685837,4657843.980608235,K-35-064-3_Dimitrovgrad_4326
631,mound,125,368902.38484167284,4664663.636777323,K-35-063-4_Skobelevo_4326
632,mound,75,490511.198527404,4677724.210490856,K-35-066-2
633,mound,100,429526.7894295018,4634970.480942514,K-35-077-1
634,mound,150,316435.51495250384,4696788.414866725,K-35-050-4
635,mound,75,450841.8046030032,4721057.946116677,K-35-053-2
636,mound,150,452872.94459495693,4717480.081472928,K-35-053-2
637,mound,50,472392.6068888411,4690016.5942679485,K-35-054-3_Yambol
638,mound,100,494313.84520311205,4703769.952586282,K-35-054-4_Voynika
639,mound,125,536849.5601794302,4696424.381209578,K-35-055-4
640,mound,50,525297.0407076215,4698013.608453482,K-35-055-4
641,mound,75,363984.8147975757,4681644.530296521,K-35-063-2_Chirpan_4326
642,mound,50,335802.8915903255,4677827.216295458,K-35-063-1_Granit_4326
643,mound,100,468143.5712123188,4681506.0549982125,K-35-066-1
644,mound,100,469373.20929206186,4682236.4611897245,K-35-066-1
645,mound,50,475989.0005785795,4674864.35721086,K-35-066-1
646,mound,75,509628.7993591782,4669208.485461762,K-35-067-1
647,mound,50,530262.9257206821,4664227.2645755075,K-35-067-4
648,mound,125,304147.5750884479,4637500.616349539,K-35-074-1
649,mound,100,372754.31194993743,4636147.331500308,K-35-075-2
650,mound,150,402800.1382943823,4645973.242776457,K-35-076-2
651,mound,50,446253.2883239356,4632984.577165695,K-35-077-2
652,mound,75,443284.7486953336,4634489.377863187,K-35-077-2
653,mound,100,409119.09160054405,4706611.739671422,K-35-052-2
654,mound,100,406352.3467410153,4705942.261775736,K-35-052-2
655,mound,50,458684.90867251717,4708112.462066078,K-35-053-2
656,mound,50,458242.0953698834,4697196.187892323,K-35-053-4_Boyadzhik
657,mound,125,492934.7264913154,4721954.683217836,K-35-054-2_Atolov_4326
658,mound,100,482782.3697983348,4722191.551766115,K-35-054-2_Atolov_4326
659,mound,75,364274.8767207203,4682319.394701444,K-35-063-2_Chirpan_4326
660,mound,100,466796.38819540606,4656351.11576353,K-35-066-3
661,mound,125,370387.32959405927,4645921.944348412,K-35-075-2
662,mound,100,354368.0099951912,4629655.914047021,K-35-075-3
663,mound,125,432419.79543883563,4630926.02007394,K-35-077-3
664,mound,100,340602.8468054677,4695663.407653864,K-35-051-3
665,mound,125,423409.78844233457,4651964.651761308,K-35-065-3_Glavan_4326
666,mound,100,466943.64805720514,4656345.985060575,K-35-066-3
667,mound,100,387331.4048144787,4629083.674810661,K-35-076-3
668,mound,50,339698.71659726196,4693585.462887018,K-35-051-3
669,mound,50,437907.42426646326,4643194.044593299,K-35-077-2
670,mound,50,345832.47230587795,4642561.69679464,K-35-075-1
671,mound,50,425754.44422395725,4624729.703689356,K-35-077-3
672,mound,50,410411.7069861367,4707375.073457771,K-35-052-2
673,mound,50,485475.30959144776,4684943.418707068,K-35-066-2
674,mound,50,481221.71944121673,4677722.828529323,K-35-066-2
675,mound,50,501332.78739275655,4685163.371593644,K-35-067-1
676,mound,125,409540.14134001575,4707478.185934146,K-35-052-2
677,mound,100,406368.087250011,4705927.168112096,K-35-052-2
678,mound,75,409732.9590157087,4724298.290847827,K-35-052-2
679,mound,125,378362.93864467903,4689891.732139036,K-35-052-3
680,mound,75,459146.4452845602,4717039.898714172,K-35-054-1_Straldzha_4326
681,mound,100,486196.84470820805,4715661.004281358,K-35-054-2_Atolov_4326
682,mound,75,535194.336655276,4718438.038817292,K-35-055-2
683,mound,75,522146.78830899834,4693673.198954844,K-35-055-4
684,mound,75,540717.3470461227,4719715.727634625,K-35-055-2
685,mound,100,370020.9750438235,4664082.699156463,K-35-063-4_Skobelevo_4326
686,mound,75,345760.7047408939,4662242.574662993,K-35-063-3_Tatarevo_4326
687,mound,75,393349.3682640992,4679489.525322582,K-35-064-1_Sredets_4326
688,mound,100,414633.1737151515,4676728.011293262,K-35-064-2_Radnevo_4326
689,mound,125,407103.1217178902,4670168.971078804,K-35-064-2_Radnevo_4326
690,mound,75,487596.4280186449,4678354.760206726,K-35-066-2
691,mound,100,509394.74858879216,4670005.716336567,K-35-067-1
692,mound,75,505034.74511763593,4668459.6794076795,K-35-067-1
693,mound,50,538084.3364029292,4661929.8449116815,K-35-067-4
694,mound,75,368305.0730675606,4635493.260848803,K-35-075-2
695,mound,75,373109.8920636178,4634245.540609246,K-35-075-2
696,mound,100,364540.69003301044,4630816.560514409,K-35-075-4
697,mound,50,358823.52727549046,4624237.3145483425,K-35-075-4
698,mound,150,411953.3112929587,4648680.890885572,K-35-076-2
699,mound,125,440758.32965598075,4633715.369154803,K-35-077-2
700,mound,75,432460.38539495453,4630669.362999861,K-35-077-3
701,mound,50,418709.5913706507,4616662.794696747,K-35-077-3
702,mound,75,487686.20866857073,4716039.629287098,K-35-054-2_Atolov_4326
703,mound,150,486731.8834884316,4701715.719272183,K-35-054-4_Voynika
704,mound,75,362837.76918248634,4681629.742425767,K-35-063-2_Chirpan_4326
705,mound,150,347372.56543855637,4684900.836489612,K-35-063-1_Granit_4326
706,mound,50,338242.9848551472,4662390.592461358,K-35-063-3_Tatarevo_4326
707,mound,125,391526.5911387649,4680707.252311485,K-35-064-1_Sredets_4326
708,mound,75,429167.44898003875,4664665.1275753565,K-35-065-3_Glavan_4326
709,mound,50,464509.85554288415,4665031.737882149,K-35-066-3
710,mound,125,423434.01137725136,4651884.327546269,K-35-065-3_Glavan_4326
711,mound,50,450852.94731561345,4630477.212163049,K-35-077-4
712,mound,50,402858.11558564665,4643915.226333012,K-35-076-2
713,mound,100,447772.5559632308,4632166.467721373,K-35-077-2
714,mound,50,410741.5337575036,4708152.471004526,K-35-052-2
715,mound,50,520082.45572764415,4718093.03119008,K-35-055-1
716,mound,75,351672.38374845183,4664061.650406793,K-35-063-3_Tatarevo_4326
717,mound,50,344439.2325323946,4683286.352765196,K-35-063-1_Granit_4326
718,mound,50,434826.0744947032,4655183.000202012,K-35-065-3_Glavan_4326
719,mound,50,476421.4895468236,4685027.196083726,K-35-066-1
720,mound,50,402809.80431997793,4646128.360318923,K-35-076-2
721,mound,50,344511.4804142289,4683242.9245949825,K-35-063-1_Granit_4326
722,mound,75,487799.117824334,4658084.987966298,K-35-066-4
723,mound,75,361368.41843715403,4694086.595726084,K-35-051-4
724,mound,50,406329.61792196124,4705926.574578514,K-35-052-2
725,mound,50,335345.0067883569,4678965.7118044,K-35-063-1_Granit_4326
726,mound,75,365913.2511589906,4675821.694853296,K-35-063-2_Chirpan_4326
727,mound,100,535084.1128283448,4670230.698999352,K-35-067-2
728,mound,100,347841.1580949402,4645422.172766087,K-35-075-1
729,mound,50,358826.7729382486,4624212.147959022,K-35-075-4
730,mound,150,386837.0195488993,4648923.796277017,K-35-076-1
731,mound,150,400404.1721854318,4633497.725258184,K-35-076-2
732,mound,125,429026.8850844643,4714415.638206101,K-35-053-1
733,mound,50,363425.63403069484,4666594.144768901,K-35-063-4_Skobelevo_4326
734,mound,75,383848.01295341685,4661304.209061577,K-35-064-3_Dimitrovgrad_4326
735,mound,150,488102.118419573,4677809.5964615755,K-35-066-2
736,mound,150,415003.69424645207,4636072.808109376,K-35-076-2
737,mound,50,335805.1075443344,4677794.834280397,K-35-063-1_Granit_4326
738,mound,75,344518.08339305525,4683280.328321628,K-35-063-1_Granit_4326
739,mound,50,404665.77720160445,4648128.540478759,K-35-076-2
