unit,student,sheet,basis,radius_m,tp,fp,fn,precision,recall,f1,n_det,n_ref
student:B@K-35-052-4_32635,B,K-35-052-4_32635,as-digitised,20,128,3,8,0.9770992366412213,0.9411764705882353,0.9588014981273407,131,136
student:B@K-35-052-4_32635,B,K-35-052-4_32635,as-digitised,30,131,0,5,1.0,0.9632352941176471,0.9812734082397003,131,136
student:B@K-35-052-4_32635,B,K-35-052-4_32635,as-digitised,50,131,0,5,1.0,0.9632352941176471,0.9812734082397003,131,136
student:C@K-35-062-2_Rakovski,C,K-35-062-2_Rakovski,as-digitised,20,139,39,57,0.7808988764044944,0.7091836734693877,0.7433155080213903,178,196
student:C@K-35-062-2_Rakovski,C,K-35-062-2_Rakovski,as-digitised,30,172,6,24,0.9662921348314607,0.8775510204081632,0.9197860962566844,178,196
student:C@K-35-062-2_Rakovski,C,K-35-062-2_Rakovski,as-digitised,50,178,0,18,1.0,0.9081632653061225,0.9518716577540107,178,196
student:D@K-35-078-1_Lesovo,D,K-35-078-1_Lesovo,as-digitised,20,18,1,2,0.9473684210526315,0.9,0.9230769230769231,19,20
student:D@K-35-078-1_Lesovo,D,K-35-078-1_Lesovo,as-digitised,30,19,0,1,1.0,0.95,0.9743589743589743,19,20
student:D@K-35-078-1_Lesovo,D,K-35-078-1_Lesovo,as-digitised,50,19,0,1,1.0,0.95,0.9743589743589743,19,20
student:C@K-35-053-3_Elenovo,C,K-35-053-3_Elenovo,as-digitised,20,40,3,4,0.9302325581395349,0.9090909090909091,0.9195402298850575,43,44
student:C@K-35-053-3_Elenovo,C,K-35-053-3_Elenovo,as-digitised,30,43,0,1,1.0,0.9772727272727273,0.9885057471264368,43,44
student:C@K-35-053-3_Elenovo,C,K-35-053-3_Elenovo,as-digitised,50,43,0,1,1.0,0.9772727272727273,0.9885057471264368,43,44
student:A@K-35-053-3_Elenovo,A,K-35-053-3_Elenovo,as-digitised,20,150,18,23,0.8928571428571429,0.8670520231213873,0.8797653958944283,168,173
student:A@K-35-053-3_Elenovo,A,K-35-053-3_Elenovo,as-digitised,30,167,1,6,0.9940476190476191,0.9653179190751445,0.9794721407624633,168,173
student:A@K-35-053-3_Elenovo,A,K-35-053-3_Elenovo,as-digitised,50,168,0,5,1.0,0.9710982658959537,0.9853372434017595,168,173
student:C@K-35-062-2_Rakovski,C,K-35-062-2_Rakovski,swaths-excluded,20,139,39,42,0.7808988764044944,0.7679558011049724,0.7743732590529249,178,181
student:C@K-35-062-2_Rakovski,C,K-35-062-2_Rakovski,swaths-excluded,30,172,6,9,0.9662921348314607,0.9502762430939227,0.9582172701949861,178,181
student:C@K-35-062-2_Rakovski,C,K-35-062-2_Rakovski,swaths-excluded,50,178,0,3,1.0,0.9834254143646409,0.9916434540389973,178,181
student:B@K-35-052-4_32635,B,K-35-052-4_32635,footprint,20,88,4,6,0.9565217391304348,0.9361702127659575,0.9462365591397849,92,94
student:B@K-35-052-4_32635,B,K-35-052-4_32635,footprint,30,91,1,3,0.9891304347826086,0.9680851063829787,0.9784946236559139,92,94
student:B@K-35-052-4_32635,B,K-35-052-4_32635,footprint,50,91,1,3,0.9891304347826086,0.9680851063829787,0.9784946236559139,92,94
model:3.7-text-screen-best@K-35-052-4_32635[B],model:3.7-text-screen-best,K-35-052-4_32635,footprint,20,85,7,9,0.9239130434782609,0.9042553191489362,0.9139784946236559,92,94
model:3.7-text-screen-best@K-35-052-4_32635[B],model:3.7-text-screen-best,K-35-052-4_32635,footprint,30,85,7,9,0.9239130434782609,0.9042553191489362,0.9139784946236559,92,94
model:3.7-text-screen-best@K-35-052-4_32635[B],model:3.7-text-screen-best,K-35-052-4_32635,footprint,50,85,7,9,0.9239130434782609,0.9042553191489362,0.9139784946236559,92,94
model:all-3.7-swap-best@K-35-052-4_32635[B],model:all-3.7-swap-best,K-35-052-4_32635,footprint,20,85,5,9,0.9444444444444444,0.9042553191489362,0.9239130434782609,90,94
model:all-3.7-swap-best@K-35-052-4_32635[B],model:all-3.7-swap-best,K-35-052-4_32635,footprint,30,85,5,9,0.9444444444444444,0.9042553191489362,0.9239130434782609,90,94
model:all-3.7-swap-best@K-35-052-4_32635[B],model:all-3.7-swap-best,K-35-052-4_32635,footprint,50,85,5,9,0.9444444444444444,0.9042553191489362,0.9239130434782609,90,94
student:C@K-35-062-2_Rakovski,C,K-35-062-2_Rakovski,footprint,20,118,33,46,0.7814569536423841,0.7195121951219512,0.7492063492063491,151,164
student:C@K-35-062-2_Rakovski,C,K-35-062-2_Rakovski,footprint,30,146,5,18,0.9668874172185431,0.8902439024390244,0.9269841269841271,151,164
student:C@K-35-062-2_Rakovski,C,K-35-062-2_Rakovski,footprint,50,151,0,13,1.0,0.9207317073170732,0.9587301587301587,151,164
model:3.7-text-screen-best@K-35-062-2_Rakovski[C],model:3.7-text-screen-best,K-35-062-2_Rakovski,footprint,20,163,8,1,0.9532163742690059,0.9939024390243902,0.973134328358209,171,164
model:3.7-text-screen-best@K-35-062-2_Rakovski[C],model:3.7-text-screen-best,K-35-062-2_Rakovski,footprint,30,163,8,1,0.9532163742690059,0.9939024390243902,0.973134328358209,171,164
model:3.7-text-screen-best@K-35-062-2_Rakovski[C],model:3.7-text-screen-best,K-35-062-2_Rakovski,footprint,50,164,7,0,0.9590643274853801,1.0,0.9791044776119403,171,164
model:all-3.7-swap-best@K-35-062-2_Rakovski[C],model:all-3.7-swap-best,K-35-062-2_Rakovski,footprint,20,162,5,2,0.9700598802395209,0.9878048780487805,0.9788519637462236,167,164
model:all-3.7-swap-best@K-35-062-2_Rakovski[C],model:all-3.7-swap-best,K-35-062-2_Rakovski,footprint,30,162,5,2,0.9700598802395209,0.9878048780487805,0.9788519637462236,167,164
model:all-3.7-swap-best@K-35-062-2_Rakovski[C],model:all-3.7-swap-best,K-35-062-2_Rakovski,footprint,50,163,4,1,0.9760479041916168,0.9939024390243902,0.9848942598187312,167,164
student:D@K-35-078-1_Lesovo,D,K-35-078-1_Lesovo,footprint,20,13,1,2,0.9285714285714286,0.8666666666666667,0.896551724137931,14,15
student:D@K-35-078-1_Lesovo,D,K-35-078-1_Lesovo,footprint,30,14,0,1,1.0,0.9333333333333333,0.9655172413793104,14,15
student:D@K-35-078-1_Lesovo,D,K-35-078-1_Lesovo,footprint,50,14,0,1,1.0,0.9333333333333333,0.9655172413793104,14,15
model:3.7-text-screen-best@K-35-078-1_Lesovo[D],model:3.7-text-screen-best,K-35-078-1_Lesovo,footprint,20,12,14,3,0.46153846153846156,0.8,0.5853658536585367,26,15
model:3.7-text-screen-best@K-35-078-1_Lesovo[D],model:3.7-text-screen-best,K-35-078-1_Lesovo,footprint,30,13,13,2,0.5,0.8666666666666667,0.6341463414634146,26,15
model:3.7-text-screen-best@K-35-078-1_Lesovo[D],model:3.7-text-screen-best,K-35-078-1_Lesovo,footprint,50,13,13,2,0.5,0.8666666666666667,0.6341463414634146,26,15
model:all-3.7-swap-best@K-35-078-1_Lesovo[D],model:all-3.7-swap-best,K-35-078-1_Lesovo,footprint,20,12,7,3,0.631578947368421,0.8,0.7058823529411765,19,15
model:all-3.7-swap-best@K-35-078-1_Lesovo[D],model:all-3.7-swap-best,K-35-078-1_Lesovo,footprint,30,13,6,2,0.6842105263157895,0.8666666666666667,0.7647058823529413,19,15
model:all-3.7-swap-best@K-35-078-1_Lesovo[D],model:all-3.7-swap-best,K-35-078-1_Lesovo,footprint,50,13,6,2,0.6842105263157895,0.8666666666666667,0.7647058823529413,19,15
student:C@K-35-053-3_Elenovo,C,K-35-053-3_Elenovo,footprint,20,40,3,4,0.9302325581395349,0.9090909090909091,0.9195402298850575,43,44
student:C@K-35-053-3_Elenovo,C,K-35-053-3_Elenovo,footprint,30,43,0,1,1.0,0.9772727272727273,0.9885057471264368,43,44
student:C@K-35-053-3_Elenovo,C,K-35-053-3_Elenovo,footprint,50,43,0,1,1.0,0.9772727272727273,0.9885057471264368,43,44
model:3.7-text-screen-best@K-35-053-3_Elenovo[C],model:3.7-text-screen-best,K-35-053-3_Elenovo,footprint,20,39,4,5,0.9069767441860465,0.8863636363636364,0.896551724137931,43,44
model:3.7-text-screen-best@K-35-053-3_Elenovo[C],model:3.7-text-screen-best,K-35-053-3_Elenovo,footprint,30,40,3,4,0.9302325581395349,0.9090909090909091,0.9195402298850575,43,44
model:3.7-text-screen-best@K-35-053-3_Elenovo[C],model:3.7-text-screen-best,K-35-053-3_Elenovo,footprint,50,40,3,4,0.9302325581395349,0.9090909090909091,0.9195402298850575,43,44
model:all-3.7-swap-best@K-35-053-3_Elenovo[C],model:all-3.7-swap-best,K-35-053-3_Elenovo,footprint,20,39,3,5,0.9285714285714286,0.8863636363636364,0.9069767441860465,42,44
model:all-3.7-swap-best@K-35-053-3_Elenovo[C],model:all-3.7-swap-best,K-35-053-3_Elenovo,footprint,30,40,2,4,0.9523809523809523,0.9090909090909091,0.9302325581395349,42,44
model:all-3.7-swap-best@K-35-053-3_Elenovo[C],model:all-3.7-swap-best,K-35-053-3_Elenovo,footprint,50,40,2,4,0.9523809523809523,0.9090909090909091,0.9302325581395349,42,44
student:A@K-35-053-3_Elenovo,A,K-35-053-3_Elenovo,footprint,20,102,14,16,0.8793103448275862,0.864406779661017,0.8717948717948718,116,118
student:A@K-35-053-3_Elenovo,A,K-35-053-3_Elenovo,footprint,30,115,1,3,0.9913793103448276,0.9745762711864406,0.982905982905983,116,118
student:A@K-35-053-3_Elenovo,A,K-35-053-3_Elenovo,footprint,50,116,0,2,1.0,0.9830508474576272,0.9914529914529915,116,118
model:3.7-text-screen-best@K-35-053-3_Elenovo[A],model:3.7-text-screen-best,K-35-053-3_Elenovo,footprint,20,99,12,19,0.8918918918918919,0.8389830508474576,0.8646288209606986,111,118
model:3.7-text-screen-best@K-35-053-3_Elenovo[A],model:3.7-text-screen-best,K-35-053-3_Elenovo,footprint,30,101,10,17,0.9099099099099099,0.8559322033898306,0.8820960698689958,111,118
model:3.7-text-screen-best@K-35-053-3_Elenovo[A],model:3.7-text-screen-best,K-35-053-3_Elenovo,footprint,50,102,9,16,0.918918918918919,0.864406779661017,0.8908296943231442,111,118
model:all-3.7-swap-best@K-35-053-3_Elenovo[A],model:all-3.7-swap-best,K-35-053-3_Elenovo,footprint,20,99,12,19,0.8918918918918919,0.8389830508474576,0.8646288209606986,111,118
model:all-3.7-swap-best@K-35-053-3_Elenovo[A],model:all-3.7-swap-best,K-35-053-3_Elenovo,footprint,30,101,10,17,0.9099099099099099,0.8559322033898306,0.8820960698689958,111,118
model:all-3.7-swap-best@K-35-053-3_Elenovo[A],model:all-3.7-swap-best,K-35-053-3_Elenovo,footprint,50,102,9,16,0.918918918918919,0.864406779661017,0.8908296943231442,111,118
model:3.7-text-screen-best@ALL-ZONES,model:3.7-text-screen-best,ALL,footprint,20,398,45,37,0.8984198645598194,0.9149425287356322,0.9066059225512528,443,435
model:3.7-text-screen-best@ALL-ZONES,model:3.7-text-screen-best,ALL,footprint,30,402,41,33,0.90744920993228,0.9241379310344827,0.9157175398633258,443,435
model:3.7-text-screen-best@ALL-ZONES,model:3.7-text-screen-best,ALL,footprint,50,404,39,31,0.9119638826185101,0.9287356321839081,0.9202733485193622,443,435
model:all-3.7-swap-best@ALL-ZONES,model:all-3.7-swap-best,ALL,footprint,20,397,32,38,0.9254079254079254,0.9126436781609195,0.9189814814814815,429,435
model:all-3.7-swap-best@ALL-ZONES,model:all-3.7-swap-best,ALL,footprint,30,401,28,34,0.9347319347319347,0.9218390804597701,0.9282407407407407,429,435
model:all-3.7-swap-best@ALL-ZONES,model:all-3.7-swap-best,ALL,footprint,50,403,26,32,0.9393939393939394,0.9264367816091954,0.9328703703703705,429,435
students-pooled@ALL-ZONES,students-pooled,ALL,footprint,20,361,55,74,0.8677884615384616,0.8298850574712644,0.8484136310223267,416,435
students-pooled@ALL-ZONES,students-pooled,ALL,footprint,30,409,7,26,0.9831730769230769,0.9402298850574713,0.9612220916568742,416,435
students-pooled@ALL-ZONES,students-pooled,ALL,footprint,50,415,1,20,0.9975961538461539,0.9540229885057471,0.9753231492361927,416,435
