label_a,label_b,f1_a,f1_b,delta_f1,p_value_raw,p_value_adj,significant,source_file
"flash-high-image N=10 N=10, 6-of-10","flash-high-image N=5 N=5, 3-of-5",0.811594,0.79915,0.012444,0.2152,0.243682,no,results/pairwise/leaderboard-30m/group_8/leaderboard-distinguishability-flash-high-image-n-10-n-10-6-of-10-vs-flash-high-image-n-5-n-5-3-of-5.json
"flash-high-image N=10 N=10, 6-of-10","flash-high-text N=10 N=10, 9-of-10",0.811594,0.810624,0.000971,0.9561,0.9561,no,results/pairwise/leaderboard-30m/group_8/leaderboard-distinguishability-flash-high-image-n-10-n-10-6-of-10-vs-flash-high-text-n-10-n-10-9-of-10.json
"flash-high-image N=10 N=10, 6-of-10","flash-high-text N=5 N=5, 5-of-5",0.811594,0.788235,0.023359,0.2147,0.243682,no,results/pairwise/leaderboard-30m/group_8/leaderboard-distinguishability-flash-high-image-n-10-n-10-6-of-10-vs-flash-high-text-n-5-n-5-5-of-5.json
"flash-high-image N=10 N=10, 6-of-10","flash-min-image N=10 N=10, 6-of-10",0.811594,0.733202,0.078393,0.0,0.0,yes,results/pairwise/leaderboard-30m/group_8/leaderboard-distinguishability-flash-high-image-n-10-n-10-6-of-10-vs-flash-min-image-n-10-n-10-6-of-10.json
"flash-high-image N=10 N=10, 6-of-10","flash-min-image N=5 N=5, 4-of-5",0.811594,0.724426,0.087168,0.0,0.0,yes,results/pairwise/leaderboard-30m/group_8/leaderboard-distinguishability-flash-high-image-n-10-n-10-6-of-10-vs-flash-min-image-n-5-n-5-4-of-5.json
"flash-high-image N=10 N=10, 6-of-10","flash-min-text-t07 N=10 N=10, 10-of-10",0.811594,0.641206,0.170388,0.0,0.0,yes,results/pairwise/leaderboard-30m/group_8/leaderboard-distinguishability-flash-high-image-n-10-n-10-6-of-10-vs-flash-min-text-t07-n-10-n-10-10-of-10.json
"flash-high-image N=10 N=10, 6-of-10","flash-min-text-t07 N=30 N=30, 29-of-30",0.811594,0.66943,0.142164,0.0,0.0,yes,results/pairwise/leaderboard-30m/group_8/leaderboard-distinguishability-flash-high-image-n-10-n-10-6-of-10-vs-flash-min-text-t07-n-30-n-30-29-of-30.json
"flash-high-image N=10 N=10, 6-of-10","flash-min-text-t07 N=5 N=5, 5-of-5",0.811594,0.647059,0.164535,0.0,0.0,yes,results/pairwise/leaderboard-30m/group_8/leaderboard-distinguishability-flash-high-image-n-10-n-10-6-of-10-vs-flash-min-text-t07-n-5-n-5-5-of-5.json
"flash-high-image N=10 N=10, 6-of-10",image-baseline--flash-min-vf (t=0.2),0.811594,0.782241,0.029353,0.1008,0.12191,no,results/pairwise/leaderboard-30m/group_8/leaderboard-distinguishability-flash-high-image-n-10-n-10-6-of-10-vs-image-baseline-flash-min-vf-t-0-2.json
"flash-high-image N=10 N=10, 6-of-10","single-pass-t0 N=10 N=10, 10-of-10",0.811594,0.562641,0.248954,0.0,0.0,yes,results/pairwise/leaderboard-30m/group_8/leaderboard-distinguishability-flash-high-image-n-10-n-10-6-of-10-vs-single-pass-t0-n-10-n-10-10-of-10.json
"flash-high-image N=10 N=10, 6-of-10","single-pass-t0 N=5 N=5, 5-of-5",0.811594,0.554113,0.257482,0.0,0.0,yes,results/pairwise/leaderboard-30m/group_8/leaderboard-distinguishability-flash-high-image-n-10-n-10-6-of-10-vs-single-pass-t0-n-5-n-5-5-of-5.json
"flash-high-image N=5 N=5, 3-of-5","flash-high-text N=5 N=5, 5-of-5",0.79915,0.788235,0.010915,0.5589,0.58419,no,results/pairwise/leaderboard-30m/group_8/leaderboard-distinguishability-flash-high-image-n-5-n-5-3-of-5-vs-flash-high-text-n-5-n-5-5-of-5.json
"flash-high-image N=5 N=5, 3-of-5","flash-min-image N=10 N=10, 6-of-10",0.79915,0.733202,0.065948,0.0,0.0,yes,results/pairwise/leaderboard-30m/group_8/leaderboard-distinguishability-flash-high-image-n-5-n-5-3-of-5-vs-flash-min-image-n-10-n-10-6-of-10.json
"flash-high-image N=5 N=5, 3-of-5","flash-min-image N=5 N=5, 4-of-5",0.79915,0.724426,0.074724,0.0,0.0,yes,results/pairwise/leaderboard-30m/group_8/leaderboard-distinguishability-flash-high-image-n-5-n-5-3-of-5-vs-flash-min-image-n-5-n-5-4-of-5.json
"flash-high-image N=5 N=5, 3-of-5","flash-min-text-t07 N=10 N=10, 10-of-10",0.79915,0.641206,0.157944,0.0,0.0,yes,results/pairwise/leaderboard-30m/group_8/leaderboard-distinguishability-flash-high-image-n-5-n-5-3-of-5-vs-flash-min-text-t07-n-10-n-10-10-of-10.json
"flash-high-image N=5 N=5, 3-of-5","flash-min-text-t07 N=30 N=30, 29-of-30",0.79915,0.66943,0.12972,0.0,0.0,yes,results/pairwise/leaderboard-30m/group_8/leaderboard-distinguishability-flash-high-image-n-5-n-5-3-of-5-vs-flash-min-text-t07-n-30-n-30-29-of-30.json
"flash-high-image N=5 N=5, 3-of-5","flash-min-text-t07 N=5 N=5, 5-of-5",0.79915,0.647059,0.152091,0.0,0.0,yes,results/pairwise/leaderboard-30m/group_8/leaderboard-distinguishability-flash-high-image-n-5-n-5-3-of-5-vs-flash-min-text-t07-n-5-n-5-5-of-5.json
"flash-high-image N=5 N=5, 3-of-5",image-baseline--flash-min-vf (t=0.2),0.79915,0.782241,0.016909,0.3552,0.381633,no,results/pairwise/leaderboard-30m/group_8/leaderboard-distinguishability-flash-high-image-n-5-n-5-3-of-5-vs-image-baseline-flash-min-vf-t-0-2.json
"flash-high-image N=5 N=5, 3-of-5","single-pass-t0 N=10 N=10, 10-of-10",0.79915,0.562641,0.236509,0.0,0.0,yes,results/pairwise/leaderboard-30m/group_8/leaderboard-distinguishability-flash-high-image-n-5-n-5-3-of-5-vs-single-pass-t0-n-10-n-10-10-of-10.json
"flash-high-image N=5 N=5, 3-of-5","single-pass-t0 N=5 N=5, 5-of-5",0.79915,0.554113,0.245037,0.0,0.0,yes,results/pairwise/leaderboard-30m/group_8/leaderboard-distinguishability-flash-high-image-n-5-n-5-3-of-5-vs-single-pass-t0-n-5-n-5-5-of-5.json
flash-high-image-3-of-5--flash-min-vf (t=0.15),"flash-high-image N=10 N=10, 6-of-10",0.851064,0.811594,0.03947,0.0052,0.007369,yes,results/pairwise/leaderboard-30m/group_8/leaderboard-distinguishability-flash-high-image-3-of-5-flash-min-vf-t-0-15-vs-flash-high-image-n-10-n-10-6-of-10.json
flash-high-image-3-of-5--flash-min-vf (t=0.15),"flash-high-image N=5 N=5, 3-of-5",0.851064,0.79915,0.051914,0.0002,0.000332,yes,results/pairwise/leaderboard-30m/group_8/leaderboard-distinguishability-flash-high-image-3-of-5-flash-min-vf-t-0-15-vs-flash-high-image-n-5-n-5-3-of-5.json
flash-high-image-3-of-5--flash-min-vf (t=0.15),"flash-high-text N=10 N=10, 9-of-10",0.851064,0.810624,0.04044,0.0371,0.047349,yes,results/pairwise/leaderboard-30m/group_8/leaderboard-distinguishability-flash-high-image-3-of-5-flash-min-vf-t-0-15-vs-flash-high-text-n-10-n-10-9-of-10.json
flash-high-image-3-of-5--flash-min-vf (t=0.15),"flash-high-text N=30 N=30, 26-of-30",0.851064,0.825882,0.025181,0.1704,0.195833,no,results/pairwise/leaderboard-30m/group_8/leaderboard-distinguishability-flash-high-image-3-of-5-flash-min-vf-t-0-15-vs-flash-high-text-n-30-n-30-26-of-30.json
flash-high-image-3-of-5--flash-min-vf (t=0.15),"flash-high-text N=5 N=5, 5-of-5",0.851064,0.788235,0.062829,0.0008,0.001249,yes,results/pairwise/leaderboard-30m/group_8/leaderboard-distinguishability-flash-high-image-3-of-5-flash-min-vf-t-0-15-vs-flash-high-text-n-5-n-5-5-of-5.json
flash-high-image-3-of-5--flash-min-vf (t=0.15),"flash-min-image N=10 N=10, 6-of-10",0.851064,0.733202,0.117862,0.0,0.0,yes,results/pairwise/leaderboard-30m/group_8/leaderboard-distinguishability-flash-high-image-3-of-5-flash-min-vf-t-0-15-vs-flash-min-image-n-10-n-10-6-of-10.json
flash-high-image-3-of-5--flash-min-vf (t=0.15),"flash-min-image N=5 N=5, 4-of-5",0.851064,0.724426,0.126638,0.0,0.0,yes,results/pairwise/leaderboard-30m/group_8/leaderboard-distinguishability-flash-high-image-3-of-5-flash-min-vf-t-0-15-vs-flash-min-image-n-5-n-5-4-of-5.json
flash-high-image-3-of-5--flash-min-vf (t=0.15),"flash-min-text-t07 N=10 N=10, 10-of-10",0.851064,0.641206,0.209858,0.0,0.0,yes,results/pairwise/leaderboard-30m/group_8/leaderboard-distinguishability-flash-high-image-3-of-5-flash-min-vf-t-0-15-vs-flash-min-text-t07-n-10-n-10-10-of-10.json
flash-high-image-3-of-5--flash-min-vf (t=0.15),"flash-min-text-t07 N=30 N=30, 29-of-30",0.851064,0.66943,0.181634,0.0,0.0,yes,results/pairwise/leaderboard-30m/group_8/leaderboard-distinguishability-flash-high-image-3-of-5-flash-min-vf-t-0-15-vs-flash-min-text-t07-n-30-n-30-29-of-30.json
flash-high-image-3-of-5--flash-min-vf (t=0.15),"flash-min-text-t07 N=5 N=5, 5-of-5",0.851064,0.647059,0.204005,0.0,0.0,yes,results/pairwise/leaderboard-30m/group_8/leaderboard-distinguishability-flash-high-image-3-of-5-flash-min-vf-t-0-15-vs-flash-min-text-t07-n-5-n-5-5-of-5.json
flash-high-image-3-of-5--flash-min-vf (t=0.15),image-baseline--flash-min-vf (t=0.2),0.851064,0.782241,0.068823,0.0,0.0,yes,results/pairwise/leaderboard-30m/group_8/leaderboard-distinguishability-flash-high-image-3-of-5-flash-min-vf-t-0-15-vs-image-baseline-flash-min-vf-t-0-2.json
flash-high-image-3-of-5--flash-min-vf (t=0.15),"pro-high-image N=5 N=5, 3-of-5",0.851064,0.821192,0.029872,0.1419,0.16639,no,results/pairwise/leaderboard-30m/group_8/leaderboard-distinguishability-flash-high-image-3-of-5-flash-min-vf-t-0-15-vs-pro-high-image-n-5-n-5-3-of-5.json
flash-high-image-3-of-5--flash-min-vf (t=0.15),"single-pass-t0 N=10 N=10, 10-of-10",0.851064,0.562641,0.288423,0.0,0.0,yes,results/pairwise/leaderboard-30m/group_8/leaderboard-distinguishability-flash-high-image-3-of-5-flash-min-vf-t-0-15-vs-single-pass-t0-n-10-n-10-10-of-10.json
flash-high-image-3-of-5--flash-min-vf (t=0.15),"single-pass-t0 N=5 N=5, 5-of-5",0.851064,0.554113,0.296951,0.0,0.0,yes,results/pairwise/leaderboard-30m/group_8/leaderboard-distinguishability-flash-high-image-3-of-5-flash-min-vf-t-0-15-vs-single-pass-t0-n-5-n-5-5-of-5.json
flash-high-image-3-of-5--flash-min-vf (t=0.15),text-baseline--flash-min-vf (t=0.15),0.851064,0.832036,0.019028,0.3397,0.368407,no,results/pairwise/leaderboard-30m/group_8/leaderboard-distinguishability-flash-high-image-3-of-5-flash-min-vf-t-0-15-vs-text-baseline-flash-min-vf-t-0-15.json
"flash-high-text N=10 N=10, 9-of-10","flash-high-image N=5 N=5, 3-of-5",0.810624,0.79915,0.011474,0.5105,0.538473,no,results/pairwise/leaderboard-30m/group_8/leaderboard-distinguishability-flash-high-text-n-10-n-10-9-of-10-vs-flash-high-image-n-5-n-5-3-of-5.json
"flash-high-text N=10 N=10, 9-of-10","flash-high-text N=5 N=5, 5-of-5",0.810624,0.788235,0.022388,0.0607,0.075793,no,results/pairwise/leaderboard-30m/group_8/leaderboard-distinguishability-flash-high-text-n-10-n-10-9-of-10-vs-flash-high-text-n-5-n-5-5-of-5.json
"flash-high-text N=10 N=10, 9-of-10","flash-min-image N=10 N=10, 6-of-10",0.810624,0.733202,0.077422,0.0001,0.000169,yes,results/pairwise/leaderboard-30m/group_8/leaderboard-distinguishability-flash-high-text-n-10-n-10-9-of-10-vs-flash-min-image-n-10-n-10-6-of-10.json
"flash-high-text N=10 N=10, 9-of-10","flash-min-image N=5 N=5, 4-of-5",0.810624,0.724426,0.086198,0.0,0.0,yes,results/pairwise/leaderboard-30m/group_8/leaderboard-distinguishability-flash-high-text-n-10-n-10-9-of-10-vs-flash-min-image-n-5-n-5-4-of-5.json
"flash-high-text N=10 N=10, 9-of-10","flash-min-text-t07 N=10 N=10, 10-of-10",0.810624,0.641206,0.169418,0.0,0.0,yes,results/pairwise/leaderboard-30m/group_8/leaderboard-distinguishability-flash-high-text-n-10-n-10-9-of-10-vs-flash-min-text-t07-n-10-n-10-10-of-10.json
"flash-high-text N=10 N=10, 9-of-10","flash-min-text-t07 N=30 N=30, 29-of-30",0.810624,0.66943,0.141194,0.0,0.0,yes,results/pairwise/leaderboard-30m/group_8/leaderboard-distinguishability-flash-high-text-n-10-n-10-9-of-10-vs-flash-min-text-t07-n-30-n-30-29-of-30.json
"flash-high-text N=10 N=10, 9-of-10","flash-min-text-t07 N=5 N=5, 5-of-5",0.810624,0.647059,0.163565,0.0,0.0,yes,results/pairwise/leaderboard-30m/group_8/leaderboard-distinguishability-flash-high-text-n-10-n-10-9-of-10-vs-flash-min-text-t07-n-5-n-5-5-of-5.json
"flash-high-text N=10 N=10, 9-of-10",image-baseline--flash-min-vf (t=0.2),0.810624,0.782241,0.028383,0.1515,0.17675,no,results/pairwise/leaderboard-30m/group_8/leaderboard-distinguishability-flash-high-text-n-10-n-10-9-of-10-vs-image-baseline-flash-min-vf-t-0-2.json
"flash-high-text N=10 N=10, 9-of-10","single-pass-t0 N=10 N=10, 10-of-10",0.810624,0.562641,0.247983,0.0,0.0,yes,results/pairwise/leaderboard-30m/group_8/leaderboard-distinguishability-flash-high-text-n-10-n-10-9-of-10-vs-single-pass-t0-n-10-n-10-10-of-10.json
"flash-high-text N=10 N=10, 9-of-10","single-pass-t0 N=5 N=5, 5-of-5",0.810624,0.554113,0.256511,0.0,0.0,yes,results/pairwise/leaderboard-30m/group_8/leaderboard-distinguishability-flash-high-text-n-10-n-10-9-of-10-vs-single-pass-t0-n-5-n-5-5-of-5.json
"flash-high-text N=30 N=30, 26-of-30","flash-high-image N=10 N=10, 6-of-10",0.825882,0.811594,0.014288,0.3811,0.407565,no,results/pairwise/leaderboard-30m/group_8/leaderboard-distinguishability-flash-high-text-n-30-n-30-26-of-30-vs-flash-high-image-n-10-n-10-6-of-10.json
"flash-high-text N=30 N=30, 26-of-30","flash-high-image N=5 N=5, 3-of-5",0.825882,0.79915,0.026733,0.1133,0.134217,no,results/pairwise/leaderboard-30m/group_8/leaderboard-distinguishability-flash-high-text-n-30-n-30-26-of-30-vs-flash-high-image-n-5-n-5-3-of-5.json
"flash-high-text N=30 N=30, 26-of-30","flash-high-text N=10 N=10, 9-of-10",0.825882,0.810624,0.015259,0.0671,0.082888,no,results/pairwise/leaderboard-30m/group_8/leaderboard-distinguishability-flash-high-text-n-30-n-30-26-of-30-vs-flash-high-text-n-10-n-10-9-of-10.json
"flash-high-text N=30 N=30, 26-of-30","flash-high-text N=5 N=5, 5-of-5",0.825882,0.788235,0.037647,0.0019,0.002813,yes,results/pairwise/leaderboard-30m/group_8/leaderboard-distinguishability-flash-high-text-n-30-n-30-26-of-30-vs-flash-high-text-n-5-n-5-5-of-5.json
"flash-high-text N=30 N=30, 26-of-30","flash-min-image N=10 N=10, 6-of-10",0.825882,0.733202,0.092681,0.0,0.0,yes,results/pairwise/leaderboard-30m/group_8/leaderboard-distinguishability-flash-high-text-n-30-n-30-26-of-30-vs-flash-min-image-n-10-n-10-6-of-10.json
"flash-high-text N=30 N=30, 26-of-30","flash-min-image N=5 N=5, 4-of-5",0.825882,0.724426,0.101456,0.0,0.0,yes,results/pairwise/leaderboard-30m/group_8/leaderboard-distinguishability-flash-high-text-n-30-n-30-26-of-30-vs-flash-min-image-n-5-n-5-4-of-5.json
"flash-high-text N=30 N=30, 26-of-30","flash-min-text-t07 N=10 N=10, 10-of-10",0.825882,0.641206,0.184676,0.0,0.0,yes,results/pairwise/leaderboard-30m/group_8/leaderboard-distinguishability-flash-high-text-n-30-n-30-26-of-30-vs-flash-min-text-t07-n-10-n-10-10-of-10.json
"flash-high-text N=30 N=30, 26-of-30","flash-min-text-t07 N=30 N=30, 29-of-30",0.825882,0.66943,0.156452,0.0,0.0,yes,results/pairwise/leaderboard-30m/group_8/leaderboard-distinguishability-flash-high-text-n-30-n-30-26-of-30-vs-flash-min-text-t07-n-30-n-30-29-of-30.json
"flash-high-text N=30 N=30, 26-of-30","flash-min-text-t07 N=5 N=5, 5-of-5",0.825882,0.647059,0.178824,0.0,0.0,yes,results/pairwise/leaderboard-30m/group_8/leaderboard-distinguishability-flash-high-text-n-30-n-30-26-of-30-vs-flash-min-text-t07-n-5-n-5-5-of-5.json
"flash-high-text N=30 N=30, 26-of-30",image-baseline--flash-min-vf (t=0.2),0.825882,0.782241,0.043641,0.0244,0.032025,yes,results/pairwise/leaderboard-30m/group_8/leaderboard-distinguishability-flash-high-text-n-30-n-30-26-of-30-vs-image-baseline-flash-min-vf-t-0-2.json
"flash-high-text N=30 N=30, 26-of-30","pro-high-image N=5 N=5, 3-of-5",0.825882,0.821192,0.00469,0.8038,0.81082,no,results/pairwise/leaderboard-30m/group_8/leaderboard-distinguishability-flash-high-text-n-30-n-30-26-of-30-vs-pro-high-image-n-5-n-5-3-of-5.json
"flash-high-text N=30 N=30, 26-of-30","single-pass-t0 N=10 N=10, 10-of-10",0.825882,0.562641,0.263242,0.0,0.0,yes,results/pairwise/leaderboard-30m/group_8/leaderboard-distinguishability-flash-high-text-n-30-n-30-26-of-30-vs-single-pass-t0-n-10-n-10-10-of-10.json
"flash-high-text N=30 N=30, 26-of-30","single-pass-t0 N=5 N=5, 5-of-5",0.825882,0.554113,0.27177,0.0,0.0,yes,results/pairwise/leaderboard-30m/group_8/leaderboard-distinguishability-flash-high-text-n-30-n-30-26-of-30-vs-single-pass-t0-n-5-n-5-5-of-5.json
"flash-high-text N=5 N=5, 5-of-5","flash-min-image N=10 N=10, 6-of-10",0.788235,0.733202,0.055034,0.0043,0.006131,yes,results/pairwise/leaderboard-30m/group_8/leaderboard-distinguishability-flash-high-text-n-5-n-5-5-of-5-vs-flash-min-image-n-10-n-10-6-of-10.json
"flash-high-text N=5 N=5, 5-of-5","flash-min-image N=5 N=5, 4-of-5",0.788235,0.724426,0.063809,0.0004,0.000646,yes,results/pairwise/leaderboard-30m/group_8/leaderboard-distinguishability-flash-high-text-n-5-n-5-5-of-5-vs-flash-min-image-n-5-n-5-4-of-5.json
"flash-high-text N=5 N=5, 5-of-5","flash-min-text-t07 N=10 N=10, 10-of-10",0.788235,0.641206,0.147029,0.0,0.0,yes,results/pairwise/leaderboard-30m/group_8/leaderboard-distinguishability-flash-high-text-n-5-n-5-5-of-5-vs-flash-min-text-t07-n-10-n-10-10-of-10.json
"flash-high-text N=5 N=5, 5-of-5","flash-min-text-t07 N=30 N=30, 29-of-30",0.788235,0.66943,0.118805,0.0,0.0,yes,results/pairwise/leaderboard-30m/group_8/leaderboard-distinguishability-flash-high-text-n-5-n-5-5-of-5-vs-flash-min-text-t07-n-30-n-30-29-of-30.json
"flash-high-text N=5 N=5, 5-of-5","flash-min-text-t07 N=5 N=5, 5-of-5",0.788235,0.647059,0.141176,0.0,0.0,yes,results/pairwise/leaderboard-30m/group_8/leaderboard-distinguishability-flash-high-text-n-5-n-5-5-of-5-vs-flash-min-text-t07-n-5-n-5-5-of-5.json
"flash-high-text N=5 N=5, 5-of-5",image-baseline--flash-min-vf (t=0.2),0.788235,0.782241,0.005994,0.7775,0.7912,no,results/pairwise/leaderboard-30m/group_8/leaderboard-distinguishability-flash-high-text-n-5-n-5-5-of-5-vs-image-baseline-flash-min-vf-t-0-2.json
"flash-high-text N=5 N=5, 5-of-5","single-pass-t0 N=10 N=10, 10-of-10",0.788235,0.562641,0.225595,0.0,0.0,yes,results/pairwise/leaderboard-30m/group_8/leaderboard-distinguishability-flash-high-text-n-5-n-5-5-of-5-vs-single-pass-t0-n-10-n-10-10-of-10.json
"flash-high-text N=5 N=5, 5-of-5","single-pass-t0 N=5 N=5, 5-of-5",0.788235,0.554113,0.234123,0.0,0.0,yes,results/pairwise/leaderboard-30m/group_8/leaderboard-distinguishability-flash-high-text-n-5-n-5-5-of-5-vs-single-pass-t0-n-5-n-5-5-of-5.json
flash-high-text-16-of-30--flash-min-vf (t=0.2),"flash-high-image N=10 N=10, 6-of-10",0.904368,0.811594,0.092774,0.0,0.0,yes,results/pairwise/leaderboard-30m/group_8/leaderboard-distinguishability-flash-high-text-16-of-30-flash-min-vf-t-0-2-vs-flash-high-image-n-10-n-10-6-of-10.json
flash-high-text-16-of-30--flash-min-vf (t=0.2),"flash-high-image N=5 N=5, 3-of-5",0.904368,0.79915,0.105219,0.0,0.0,yes,results/pairwise/leaderboard-30m/group_8/leaderboard-distinguishability-flash-high-text-16-of-30-flash-min-vf-t-0-2-vs-flash-high-image-n-5-n-5-3-of-5.json
flash-high-text-16-of-30--flash-min-vf (t=0.2),flash-high-image-3-of-5--flash-min-vf (t=0.15),0.904368,0.851064,0.053305,0.001,0.00153,yes,results/pairwise/leaderboard-30m/group_8/leaderboard-distinguishability-flash-high-text-16-of-30-flash-min-vf-t-0-2-vs-flash-high-image-3-of-5-flash-min-vf-t-0-15.json
flash-high-text-16-of-30--flash-min-vf (t=0.2),"flash-high-text N=10 N=10, 9-of-10",0.904368,0.810624,0.093745,0.0,0.0,yes,results/pairwise/leaderboard-30m/group_8/leaderboard-distinguishability-flash-high-text-16-of-30-flash-min-vf-t-0-2-vs-flash-high-text-n-10-n-10-9-of-10.json
flash-high-text-16-of-30--flash-min-vf (t=0.2),"flash-high-text N=30 N=30, 26-of-30",0.904368,0.825882,0.078486,0.0,0.0,yes,results/pairwise/leaderboard-30m/group_8/leaderboard-distinguishability-flash-high-text-16-of-30-flash-min-vf-t-0-2-vs-flash-high-text-n-30-n-30-26-of-30.json
flash-high-text-16-of-30--flash-min-vf (t=0.2),"flash-high-text N=5 N=5, 5-of-5",0.904368,0.788235,0.116133,0.0,0.0,yes,results/pairwise/leaderboard-30m/group_8/leaderboard-distinguishability-flash-high-text-16-of-30-flash-min-vf-t-0-2-vs-flash-high-text-n-5-n-5-5-of-5.json
flash-high-text-16-of-30--flash-min-vf (t=0.2),flash-high-text-4-of-5--flash-medium-vf (t=0.95),0.904368,0.884977,0.019392,0.1162,0.13695,no,results/pairwise/leaderboard-30m/group_8/leaderboard-distinguishability-flash-high-text-16-of-30-flash-min-vf-t-0-2-vs-flash-high-text-4-of-5-flash-medium-vf-t-0-95.json
flash-high-text-16-of-30--flash-min-vf (t=0.2),flash-high-text-4-of-5--flash-min-vf (t=0.15),0.904368,0.890777,0.013592,0.2098,0.23992,no,results/pairwise/leaderboard-30m/group_8/leaderboard-distinguishability-flash-high-text-16-of-30-flash-min-vf-t-0-2-vs-flash-high-text-4-of-5-flash-min-vf-t-0-15.json
flash-high-text-16-of-30--flash-min-vf (t=0.2),flash-high-text-9-of-10--flash-min-vf (t=0.2),0.904368,0.869123,0.035245,0.0009,0.001395,yes,results/pairwise/leaderboard-30m/group_8/leaderboard-distinguishability-flash-high-text-16-of-30-flash-min-vf-t-0-2-vs-flash-high-text-9-of-10-flash-min-vf-t-0-2.json
flash-high-text-16-of-30--flash-min-vf (t=0.2),"flash-min-image N=10 N=10, 6-of-10",0.904368,0.733202,0.171167,0.0,0.0,yes,results/pairwise/leaderboard-30m/group_8/leaderboard-distinguishability-flash-high-text-16-of-30-flash-min-vf-t-0-2-vs-flash-min-image-n-10-n-10-6-of-10.json
flash-high-text-16-of-30--flash-min-vf (t=0.2),"flash-min-image N=5 N=5, 4-of-5",0.904368,0.724426,0.179942,0.0,0.0,yes,results/pairwise/leaderboard-30m/group_8/leaderboard-distinguishability-flash-high-text-16-of-30-flash-min-vf-t-0-2-vs-flash-min-image-n-5-n-5-4-of-5.json
flash-high-text-16-of-30--flash-min-vf (t=0.2),"flash-min-text-t07 N=10 N=10, 10-of-10",0.904368,0.641206,0.263162,0.0,0.0,yes,results/pairwise/leaderboard-30m/group_8/leaderboard-distinguishability-flash-high-text-16-of-30-flash-min-vf-t-0-2-vs-flash-min-text-t07-n-10-n-10-10-of-10.json
flash-high-text-16-of-30--flash-min-vf (t=0.2),"flash-min-text-t07 N=30 N=30, 29-of-30",0.904368,0.66943,0.234938,0.0,0.0,yes,results/pairwise/leaderboard-30m/group_8/leaderboard-distinguishability-flash-high-text-16-of-30-flash-min-vf-t-0-2-vs-flash-min-text-t07-n-30-n-30-29-of-30.json
flash-high-text-16-of-30--flash-min-vf (t=0.2),"flash-min-text-t07 N=5 N=5, 5-of-5",0.904368,0.647059,0.25731,0.0,0.0,yes,results/pairwise/leaderboard-30m/group_8/leaderboard-distinguishability-flash-high-text-16-of-30-flash-min-vf-t-0-2-vs-flash-min-text-t07-n-5-n-5-5-of-5.json
flash-high-text-16-of-30--flash-min-vf (t=0.2),image-baseline--flash-min-vf (t=0.2),0.904368,0.782241,0.122127,0.0,0.0,yes,results/pairwise/leaderboard-30m/group_8/leaderboard-distinguishability-flash-high-text-16-of-30-flash-min-vf-t-0-2-vs-image-baseline-flash-min-vf-t-0-2.json
flash-high-text-16-of-30--flash-min-vf (t=0.2),"pro-high-image N=5 N=5, 3-of-5",0.904368,0.821192,0.083176,0.0,0.0,yes,results/pairwise/leaderboard-30m/group_8/leaderboard-distinguishability-flash-high-text-16-of-30-flash-min-vf-t-0-2-vs-pro-high-image-n-5-n-5-3-of-5.json
flash-high-text-16-of-30--flash-min-vf (t=0.2),"pro-high-text N=5 N=5, 3-of-5",0.904368,0.855362,0.049007,0.0022,0.003237,yes,results/pairwise/leaderboard-30m/group_8/leaderboard-distinguishability-flash-high-text-16-of-30-flash-min-vf-t-0-2-vs-pro-high-text-n-5-n-5-3-of-5.json
flash-high-text-16-of-30--flash-min-vf (t=0.2),pro-high-text-3-of-5--flash-min-vf (t=0.15),0.904368,0.86445,0.039918,0.0106,0.014575,yes,results/pairwise/leaderboard-30m/group_8/leaderboard-distinguishability-flash-high-text-16-of-30-flash-min-vf-t-0-2-vs-pro-high-text-3-of-5-flash-min-vf-t-0-15.json
flash-high-text-16-of-30--flash-min-vf (t=0.2),"single-pass-t0 N=10 N=10, 10-of-10",0.904368,0.562641,0.341728,0.0,0.0,yes,results/pairwise/leaderboard-30m/group_8/leaderboard-distinguishability-flash-high-text-16-of-30-flash-min-vf-t-0-2-vs-single-pass-t0-n-10-n-10-10-of-10.json
flash-high-text-16-of-30--flash-min-vf (t=0.2),"single-pass-t0 N=5 N=5, 5-of-5",0.904368,0.554113,0.350256,0.0,0.0,yes,results/pairwise/leaderboard-30m/group_8/leaderboard-distinguishability-flash-high-text-16-of-30-flash-min-vf-t-0-2-vs-single-pass-t0-n-5-n-5-5-of-5.json
flash-high-text-16-of-30--flash-min-vf (t=0.2),text-baseline--flash-min-vf (t=0.15),0.904368,0.832036,0.072333,0.0,0.0,yes,results/pairwise/leaderboard-30m/group_8/leaderboard-distinguishability-flash-high-text-16-of-30-flash-min-vf-t-0-2-vs-text-baseline-flash-min-vf-t-0-15.json
flash-high-text-4-of-5--flash-medium-vf (t=0.95),"flash-high-image N=10 N=10, 6-of-10",0.884977,0.811594,0.073382,0.0,0.0,yes,results/pairwise/leaderboard-30m/group_8/leaderboard-distinguishability-flash-high-text-4-of-5-flash-medium-vf-t-0-95-vs-flash-high-image-n-10-n-10-6-of-10.json
flash-high-text-4-of-5--flash-medium-vf (t=0.95),"flash-high-image N=5 N=5, 3-of-5",0.884977,0.79915,0.085827,0.0,0.0,yes,results/pairwise/leaderboard-30m/group_8/leaderboard-distinguishability-flash-high-text-4-of-5-flash-medium-vf-t-0-95-vs-flash-high-image-n-5-n-5-3-of-5.json
flash-high-text-4-of-5--flash-medium-vf (t=0.95),flash-high-image-3-of-5--flash-min-vf (t=0.15),0.884977,0.851064,0.033913,0.0457,0.057687,no,results/pairwise/leaderboard-30m/group_8/leaderboard-distinguishability-flash-high-text-4-of-5-flash-medium-vf-t-0-95-vs-flash-high-image-3-of-5-flash-min-vf-t-0-15.json
flash-high-text-4-of-5--flash-medium-vf (t=0.95),"flash-high-text N=10 N=10, 9-of-10",0.884977,0.810624,0.074353,0.0,0.0,yes,results/pairwise/leaderboard-30m/group_8/leaderboard-distinguishability-flash-high-text-4-of-5-flash-medium-vf-t-0-95-vs-flash-high-text-n-10-n-10-9-of-10.json
flash-high-text-4-of-5--flash-medium-vf (t=0.95),"flash-high-text N=30 N=30, 26-of-30",0.884977,0.825882,0.059094,0.0,0.0,yes,results/pairwise/leaderboard-30m/group_8/leaderboard-distinguishability-flash-high-text-4-of-5-flash-medium-vf-t-0-95-vs-flash-high-text-n-30-n-30-26-of-30.json
flash-high-text-4-of-5--flash-medium-vf (t=0.95),"flash-high-text N=5 N=5, 5-of-5",0.884977,0.788235,0.096741,0.0,0.0,yes,results/pairwise/leaderboard-30m/group_8/leaderboard-distinguishability-flash-high-text-4-of-5-flash-medium-vf-t-0-95-vs-flash-high-text-n-5-n-5-5-of-5.json
flash-high-text-4-of-5--flash-medium-vf (t=0.95),flash-high-text-9-of-10--flash-min-vf (t=0.2),0.884977,0.869123,0.015853,0.1691,0.19531,no,results/pairwise/leaderboard-30m/group_8/leaderboard-distinguishability-flash-high-text-4-of-5-flash-medium-vf-t-0-95-vs-flash-high-text-9-of-10-flash-min-vf-t-0-2.json
flash-high-text-4-of-5--flash-medium-vf (t=0.95),"flash-min-image N=10 N=10, 6-of-10",0.884977,0.733202,0.151775,0.0,0.0,yes,results/pairwise/leaderboard-30m/group_8/leaderboard-distinguishability-flash-high-text-4-of-5-flash-medium-vf-t-0-95-vs-flash-min-image-n-10-n-10-6-of-10.json
flash-high-text-4-of-5--flash-medium-vf (t=0.95),"flash-min-image N=5 N=5, 4-of-5",0.884977,0.724426,0.160551,0.0,0.0,yes,results/pairwise/leaderboard-30m/group_8/leaderboard-distinguishability-flash-high-text-4-of-5-flash-medium-vf-t-0-95-vs-flash-min-image-n-5-n-5-4-of-5.json
flash-high-text-4-of-5--flash-medium-vf (t=0.95),"flash-min-text-t07 N=10 N=10, 10-of-10",0.884977,0.641206,0.24377,0.0,0.0,yes,results/pairwise/leaderboard-30m/group_8/leaderboard-distinguishability-flash-high-text-4-of-5-flash-medium-vf-t-0-95-vs-flash-min-text-t07-n-10-n-10-10-of-10.json
flash-high-text-4-of-5--flash-medium-vf (t=0.95),"flash-min-text-t07 N=30 N=30, 29-of-30",0.884977,0.66943,0.215546,0.0,0.0,yes,results/pairwise/leaderboard-30m/group_8/leaderboard-distinguishability-flash-high-text-4-of-5-flash-medium-vf-t-0-95-vs-flash-min-text-t07-n-30-n-30-29-of-30.json
flash-high-text-4-of-5--flash-medium-vf (t=0.95),"flash-min-text-t07 N=5 N=5, 5-of-5",0.884977,0.647059,0.237918,0.0,0.0,yes,results/pairwise/leaderboard-30m/group_8/leaderboard-distinguishability-flash-high-text-4-of-5-flash-medium-vf-t-0-95-vs-flash-min-text-t07-n-5-n-5-5-of-5.json
flash-high-text-4-of-5--flash-medium-vf (t=0.95),image-baseline--flash-min-vf (t=0.2),0.884977,0.782241,0.102736,0.0,0.0,yes,results/pairwise/leaderboard-30m/group_8/leaderboard-distinguishability-flash-high-text-4-of-5-flash-medium-vf-t-0-95-vs-image-baseline-flash-min-vf-t-0-2.json
flash-high-text-4-of-5--flash-medium-vf (t=0.95),"pro-high-image N=5 N=5, 3-of-5",0.884977,0.821192,0.063784,0.0004,0.000646,yes,results/pairwise/leaderboard-30m/group_8/leaderboard-distinguishability-flash-high-text-4-of-5-flash-medium-vf-t-0-95-vs-pro-high-image-n-5-n-5-3-of-5.json
flash-high-text-4-of-5--flash-medium-vf (t=0.95),"pro-high-text N=5 N=5, 3-of-5",0.884977,0.855362,0.029615,0.1026,0.123441,no,results/pairwise/leaderboard-30m/group_8/leaderboard-distinguishability-flash-high-text-4-of-5-flash-medium-vf-t-0-95-vs-pro-high-text-n-5-n-5-3-of-5.json
flash-high-text-4-of-5--flash-medium-vf (t=0.95),pro-high-text-3-of-5--flash-min-vf (t=0.15),0.884977,0.86445,0.020526,0.2358,0.264417,no,results/pairwise/leaderboard-30m/group_8/leaderboard-distinguishability-flash-high-text-4-of-5-flash-medium-vf-t-0-95-vs-pro-high-text-3-of-5-flash-min-vf-t-0-15.json
flash-high-text-4-of-5--flash-medium-vf (t=0.95),"single-pass-t0 N=10 N=10, 10-of-10",0.884977,0.562641,0.322336,0.0,0.0,yes,results/pairwise/leaderboard-30m/group_8/leaderboard-distinguishability-flash-high-text-4-of-5-flash-medium-vf-t-0-95-vs-single-pass-t0-n-10-n-10-10-of-10.json
flash-high-text-4-of-5--flash-medium-vf (t=0.95),"single-pass-t0 N=5 N=5, 5-of-5",0.884977,0.554113,0.330864,0.0,0.0,yes,results/pairwise/leaderboard-30m/group_8/leaderboard-distinguishability-flash-high-text-4-of-5-flash-medium-vf-t-0-95-vs-single-pass-t0-n-5-n-5-5-of-5.json
flash-high-text-4-of-5--flash-medium-vf (t=0.95),text-baseline--flash-min-vf (t=0.15),0.884977,0.832036,0.052941,0.0024,0.003509,yes,results/pairwise/leaderboard-30m/group_8/leaderboard-distinguishability-flash-high-text-4-of-5-flash-medium-vf-t-0-95-vs-text-baseline-flash-min-vf-t-0-15.json
flash-high-text-4-of-5--flash-min-vf (t=0.15),"flash-high-image N=10 N=10, 6-of-10",0.890777,0.811594,0.079182,0.0,0.0,yes,results/pairwise/leaderboard-30m/group_8/leaderboard-distinguishability-flash-high-text-4-of-5-flash-min-vf-t-0-15-vs-flash-high-image-n-10-n-10-6-of-10.json
flash-high-text-4-of-5--flash-min-vf (t=0.15),"flash-high-image N=5 N=5, 3-of-5",0.890777,0.79915,0.091627,0.0,0.0,yes,results/pairwise/leaderboard-30m/group_8/leaderboard-distinguishability-flash-high-text-4-of-5-flash-min-vf-t-0-15-vs-flash-high-image-n-5-n-5-3-of-5.json
flash-high-text-4-of-5--flash-min-vf (t=0.15),flash-high-image-3-of-5--flash-min-vf (t=0.15),0.890777,0.851064,0.039713,0.012,0.016306,yes,results/pairwise/leaderboard-30m/group_8/leaderboard-distinguishability-flash-high-text-4-of-5-flash-min-vf-t-0-15-vs-flash-high-image-3-of-5-flash-min-vf-t-0-15.json
flash-high-text-4-of-5--flash-min-vf (t=0.15),"flash-high-text N=10 N=10, 9-of-10",0.890777,0.810624,0.080153,0.0,0.0,yes,results/pairwise/leaderboard-30m/group_8/leaderboard-distinguishability-flash-high-text-4-of-5-flash-min-vf-t-0-15-vs-flash-high-text-n-10-n-10-9-of-10.json
flash-high-text-4-of-5--flash-min-vf (t=0.15),"flash-high-text N=30 N=30, 26-of-30",0.890777,0.825882,0.064894,0.0,0.0,yes,results/pairwise/leaderboard-30m/group_8/leaderboard-distinguishability-flash-high-text-4-of-5-flash-min-vf-t-0-15-vs-flash-high-text-n-30-n-30-26-of-30.json
flash-high-text-4-of-5--flash-min-vf (t=0.15),"flash-high-text N=5 N=5, 5-of-5",0.890777,0.788235,0.102541,0.0,0.0,yes,results/pairwise/leaderboard-30m/group_8/leaderboard-distinguishability-flash-high-text-4-of-5-flash-min-vf-t-0-15-vs-flash-high-text-n-5-n-5-5-of-5.json
flash-high-text-4-of-5--flash-min-vf (t=0.15),flash-high-text-4-of-5--flash-medium-vf (t=0.95),0.890777,0.884977,0.0058,0.4334,0.461361,no,results/pairwise/leaderboard-30m/group_8/leaderboard-distinguishability-flash-high-text-4-of-5-flash-min-vf-t-0-15-vs-flash-high-text-4-of-5-flash-medium-vf-t-0-95.json
flash-high-text-4-of-5--flash-min-vf (t=0.15),flash-high-text-9-of-10--flash-min-vf (t=0.2),0.890777,0.869123,0.021653,0.0097,0.013417,yes,results/pairwise/leaderboard-30m/group_8/leaderboard-distinguishability-flash-high-text-4-of-5-flash-min-vf-t-0-15-vs-flash-high-text-9-of-10-flash-min-vf-t-0-2.json
flash-high-text-4-of-5--flash-min-vf (t=0.15),"flash-min-image N=10 N=10, 6-of-10",0.890777,0.733202,0.157575,0.0,0.0,yes,results/pairwise/leaderboard-30m/group_8/leaderboard-distinguishability-flash-high-text-4-of-5-flash-min-vf-t-0-15-vs-flash-min-image-n-10-n-10-6-of-10.json
flash-high-text-4-of-5--flash-min-vf (t=0.15),"flash-min-image N=5 N=5, 4-of-5",0.890777,0.724426,0.166351,0.0,0.0,yes,results/pairwise/leaderboard-30m/group_8/leaderboard-distinguishability-flash-high-text-4-of-5-flash-min-vf-t-0-15-vs-flash-min-image-n-5-n-5-4-of-5.json
flash-high-text-4-of-5--flash-min-vf (t=0.15),"flash-min-text-t07 N=10 N=10, 10-of-10",0.890777,0.641206,0.249571,0.0,0.0,yes,results/pairwise/leaderboard-30m/group_8/leaderboard-distinguishability-flash-high-text-4-of-5-flash-min-vf-t-0-15-vs-flash-min-text-t07-n-10-n-10-10-of-10.json
flash-high-text-4-of-5--flash-min-vf (t=0.15),"flash-min-text-t07 N=30 N=30, 29-of-30",0.890777,0.66943,0.221347,0.0,0.0,yes,results/pairwise/leaderboard-30m/group_8/leaderboard-distinguishability-flash-high-text-4-of-5-flash-min-vf-t-0-15-vs-flash-min-text-t07-n-30-n-30-29-of-30.json
flash-high-text-4-of-5--flash-min-vf (t=0.15),"flash-min-text-t07 N=5 N=5, 5-of-5",0.890777,0.647059,0.243718,0.0,0.0,yes,results/pairwise/leaderboard-30m/group_8/leaderboard-distinguishability-flash-high-text-4-of-5-flash-min-vf-t-0-15-vs-flash-min-text-t07-n-5-n-5-5-of-5.json
flash-high-text-4-of-5--flash-min-vf (t=0.15),image-baseline--flash-min-vf (t=0.2),0.890777,0.782241,0.108536,0.0,0.0,yes,results/pairwise/leaderboard-30m/group_8/leaderboard-distinguishability-flash-high-text-4-of-5-flash-min-vf-t-0-15-vs-image-baseline-flash-min-vf-t-0-2.json
flash-high-text-4-of-5--flash-min-vf (t=0.15),"pro-high-image N=5 N=5, 3-of-5",0.890777,0.821192,0.069585,0.0,0.0,yes,results/pairwise/leaderboard-30m/group_8/leaderboard-distinguishability-flash-high-text-4-of-5-flash-min-vf-t-0-15-vs-pro-high-image-n-5-n-5-3-of-5.json
flash-high-text-4-of-5--flash-min-vf (t=0.15),"pro-high-text N=5 N=5, 3-of-5",0.890777,0.855362,0.035415,0.0455,0.057687,no,results/pairwise/leaderboard-30m/group_8/leaderboard-distinguishability-flash-high-text-4-of-5-flash-min-vf-t-0-15-vs-pro-high-text-n-5-n-5-3-of-5.json
flash-high-text-4-of-5--flash-min-vf (t=0.15),pro-high-text-3-of-5--flash-min-vf (t=0.15),0.890777,0.86445,0.026327,0.1131,0.134217,no,results/pairwise/leaderboard-30m/group_8/leaderboard-distinguishability-flash-high-text-4-of-5-flash-min-vf-t-0-15-vs-pro-high-text-3-of-5-flash-min-vf-t-0-15.json
flash-high-text-4-of-5--flash-min-vf (t=0.15),"single-pass-t0 N=10 N=10, 10-of-10",0.890777,0.562641,0.328136,0.0,0.0,yes,results/pairwise/leaderboard-30m/group_8/leaderboard-distinguishability-flash-high-text-4-of-5-flash-min-vf-t-0-15-vs-single-pass-t0-n-10-n-10-10-of-10.json
flash-high-text-4-of-5--flash-min-vf (t=0.15),"single-pass-t0 N=5 N=5, 5-of-5",0.890777,0.554113,0.336664,0.0,0.0,yes,results/pairwise/leaderboard-30m/group_8/leaderboard-distinguishability-flash-high-text-4-of-5-flash-min-vf-t-0-15-vs-single-pass-t0-n-5-n-5-5-of-5.json
flash-high-text-4-of-5--flash-min-vf (t=0.15),text-baseline--flash-min-vf (t=0.15),0.890777,0.832036,0.058741,0.0003,0.000495,yes,results/pairwise/leaderboard-30m/group_8/leaderboard-distinguishability-flash-high-text-4-of-5-flash-min-vf-t-0-15-vs-text-baseline-flash-min-vf-t-0-15.json
flash-high-text-9-of-10--flash-min-vf (t=0.2),"flash-high-image N=10 N=10, 6-of-10",0.869123,0.811594,0.057529,0.0014,0.0021,yes,results/pairwise/leaderboard-30m/group_8/leaderboard-distinguishability-flash-high-text-9-of-10-flash-min-vf-t-0-2-vs-flash-high-image-n-10-n-10-6-of-10.json
flash-high-text-9-of-10--flash-min-vf (t=0.2),"flash-high-image N=5 N=5, 3-of-5",0.869123,0.79915,0.069973,0.0,0.0,yes,results/pairwise/leaderboard-30m/group_8/leaderboard-distinguishability-flash-high-text-9-of-10-flash-min-vf-t-0-2-vs-flash-high-image-n-5-n-5-3-of-5.json
flash-high-text-9-of-10--flash-min-vf (t=0.2),flash-high-image-3-of-5--flash-min-vf (t=0.15),0.869123,0.851064,0.018059,0.2885,0.315846,no,results/pairwise/leaderboard-30m/group_8/leaderboard-distinguishability-flash-high-text-9-of-10-flash-min-vf-t-0-2-vs-flash-high-image-3-of-5-flash-min-vf-t-0-15.json
flash-high-text-9-of-10--flash-min-vf (t=0.2),"flash-high-text N=10 N=10, 9-of-10",0.869123,0.810624,0.0585,0.0,0.0,yes,results/pairwise/leaderboard-30m/group_8/leaderboard-distinguishability-flash-high-text-9-of-10-flash-min-vf-t-0-2-vs-flash-high-text-n-10-n-10-9-of-10.json
flash-high-text-9-of-10--flash-min-vf (t=0.2),"flash-high-text N=30 N=30, 26-of-30",0.869123,0.825882,0.043241,0.0006,0.000943,yes,results/pairwise/leaderboard-30m/group_8/leaderboard-distinguishability-flash-high-text-9-of-10-flash-min-vf-t-0-2-vs-flash-high-text-n-30-n-30-26-of-30.json
flash-high-text-9-of-10--flash-min-vf (t=0.2),"flash-high-text N=5 N=5, 5-of-5",0.869123,0.788235,0.080888,0.0,0.0,yes,results/pairwise/leaderboard-30m/group_8/leaderboard-distinguishability-flash-high-text-9-of-10-flash-min-vf-t-0-2-vs-flash-high-text-n-5-n-5-5-of-5.json
flash-high-text-9-of-10--flash-min-vf (t=0.2),"flash-min-image N=10 N=10, 6-of-10",0.869123,0.733202,0.135922,0.0,0.0,yes,results/pairwise/leaderboard-30m/group_8/leaderboard-distinguishability-flash-high-text-9-of-10-flash-min-vf-t-0-2-vs-flash-min-image-n-10-n-10-6-of-10.json
flash-high-text-9-of-10--flash-min-vf (t=0.2),"flash-min-image N=5 N=5, 4-of-5",0.869123,0.724426,0.144697,0.0,0.0,yes,results/pairwise/leaderboard-30m/group_8/leaderboard-distinguishability-flash-high-text-9-of-10-flash-min-vf-t-0-2-vs-flash-min-image-n-5-n-5-4-of-5.json
flash-high-text-9-of-10--flash-min-vf (t=0.2),"flash-min-text-t07 N=10 N=10, 10-of-10",0.869123,0.641206,0.227917,0.0,0.0,yes,results/pairwise/leaderboard-30m/group_8/leaderboard-distinguishability-flash-high-text-9-of-10-flash-min-vf-t-0-2-vs-flash-min-text-t07-n-10-n-10-10-of-10.json
flash-high-text-9-of-10--flash-min-vf (t=0.2),"flash-min-text-t07 N=30 N=30, 29-of-30",0.869123,0.66943,0.199693,0.0,0.0,yes,results/pairwise/leaderboard-30m/group_8/leaderboard-distinguishability-flash-high-text-9-of-10-flash-min-vf-t-0-2-vs-flash-min-text-t07-n-30-n-30-29-of-30.json
flash-high-text-9-of-10--flash-min-vf (t=0.2),"flash-min-text-t07 N=5 N=5, 5-of-5",0.869123,0.647059,0.222064,0.0,0.0,yes,results/pairwise/leaderboard-30m/group_8/leaderboard-distinguishability-flash-high-text-9-of-10-flash-min-vf-t-0-2-vs-flash-min-text-t07-n-5-n-5-5-of-5.json
flash-high-text-9-of-10--flash-min-vf (t=0.2),image-baseline--flash-min-vf (t=0.2),0.869123,0.782241,0.086882,0.0,0.0,yes,results/pairwise/leaderboard-30m/group_8/leaderboard-distinguishability-flash-high-text-9-of-10-flash-min-vf-t-0-2-vs-image-baseline-flash-min-vf-t-0-2.json
flash-high-text-9-of-10--flash-min-vf (t=0.2),"pro-high-image N=5 N=5, 3-of-5",0.869123,0.821192,0.047931,0.0116,0.015856,yes,results/pairwise/leaderboard-30m/group_8/leaderboard-distinguishability-flash-high-text-9-of-10-flash-min-vf-t-0-2-vs-pro-high-image-n-5-n-5-3-of-5.json
flash-high-text-9-of-10--flash-min-vf (t=0.2),"pro-high-text N=5 N=5, 3-of-5",0.869123,0.855362,0.013762,0.467,0.494849,no,results/pairwise/leaderboard-30m/group_8/leaderboard-distinguishability-flash-high-text-9-of-10-flash-min-vf-t-0-2-vs-pro-high-text-n-5-n-5-3-of-5.json
flash-high-text-9-of-10--flash-min-vf (t=0.2),pro-high-text-3-of-5--flash-min-vf (t=0.15),0.869123,0.86445,0.004673,0.7811,0.791378,no,results/pairwise/leaderboard-30m/group_8/leaderboard-distinguishability-flash-high-text-9-of-10-flash-min-vf-t-0-2-vs-pro-high-text-3-of-5-flash-min-vf-t-0-15.json
flash-high-text-9-of-10--flash-min-vf (t=0.2),"single-pass-t0 N=10 N=10, 10-of-10",0.869123,0.562641,0.306483,0.0,0.0,yes,results/pairwise/leaderboard-30m/group_8/leaderboard-distinguishability-flash-high-text-9-of-10-flash-min-vf-t-0-2-vs-single-pass-t0-n-10-n-10-10-of-10.json
flash-high-text-9-of-10--flash-min-vf (t=0.2),"single-pass-t0 N=5 N=5, 5-of-5",0.869123,0.554113,0.315011,0.0,0.0,yes,results/pairwise/leaderboard-30m/group_8/leaderboard-distinguishability-flash-high-text-9-of-10-flash-min-vf-t-0-2-vs-single-pass-t0-n-5-n-5-5-of-5.json
flash-high-text-9-of-10--flash-min-vf (t=0.2),text-baseline--flash-min-vf (t=0.15),0.869123,0.832036,0.037088,0.0339,0.043994,yes,results/pairwise/leaderboard-30m/group_8/leaderboard-distinguishability-flash-high-text-9-of-10-flash-min-vf-t-0-2-vs-text-baseline-flash-min-vf-t-0-15.json
"flash-min-image N=10 N=10, 6-of-10","flash-min-image N=5 N=5, 4-of-5",0.733202,0.724426,0.008776,0.3423,0.369492,no,results/pairwise/leaderboard-30m/group_8/leaderboard-distinguishability-flash-min-image-n-10-n-10-6-of-10-vs-flash-min-image-n-5-n-5-4-of-5.json
"flash-min-image N=10 N=10, 6-of-10","flash-min-text-t07 N=10 N=10, 10-of-10",0.733202,0.641206,0.091996,0.0,0.0,yes,results/pairwise/leaderboard-30m/group_8/leaderboard-distinguishability-flash-min-image-n-10-n-10-6-of-10-vs-flash-min-text-t07-n-10-n-10-10-of-10.json
"flash-min-image N=10 N=10, 6-of-10","flash-min-text-t07 N=30 N=30, 29-of-30",0.733202,0.66943,0.063772,0.0041,0.005883,yes,results/pairwise/leaderboard-30m/group_8/leaderboard-distinguishability-flash-min-image-n-10-n-10-6-of-10-vs-flash-min-text-t07-n-30-n-30-29-of-30.json
"flash-min-image N=10 N=10, 6-of-10","flash-min-text-t07 N=5 N=5, 5-of-5",0.733202,0.647059,0.086143,0.0004,0.000646,yes,results/pairwise/leaderboard-30m/group_8/leaderboard-distinguishability-flash-min-image-n-10-n-10-6-of-10-vs-flash-min-text-t07-n-5-n-5-5-of-5.json
"flash-min-image N=10 N=10, 6-of-10","single-pass-t0 N=10 N=10, 10-of-10",0.733202,0.562641,0.170561,0.0,0.0,yes,results/pairwise/leaderboard-30m/group_8/leaderboard-distinguishability-flash-min-image-n-10-n-10-6-of-10-vs-single-pass-t0-n-10-n-10-10-of-10.json
"flash-min-image N=10 N=10, 6-of-10","single-pass-t0 N=5 N=5, 5-of-5",0.733202,0.554113,0.179089,0.0,0.0,yes,results/pairwise/leaderboard-30m/group_8/leaderboard-distinguishability-flash-min-image-n-10-n-10-6-of-10-vs-single-pass-t0-n-5-n-5-5-of-5.json
"flash-min-image N=5 N=5, 4-of-5","flash-min-text-t07 N=10 N=10, 10-of-10",0.724426,0.641206,0.08322,0.0005,0.000797,yes,results/pairwise/leaderboard-30m/group_8/leaderboard-distinguishability-flash-min-image-n-5-n-5-4-of-5-vs-flash-min-text-t07-n-10-n-10-10-of-10.json
"flash-min-image N=5 N=5, 4-of-5","flash-min-text-t07 N=30 N=30, 29-of-30",0.724426,0.66943,0.054996,0.0148,0.019993,yes,results/pairwise/leaderboard-30m/group_8/leaderboard-distinguishability-flash-min-image-n-5-n-5-4-of-5-vs-flash-min-text-t07-n-30-n-30-29-of-30.json
"flash-min-image N=5 N=5, 4-of-5","flash-min-text-t07 N=5 N=5, 5-of-5",0.724426,0.647059,0.077367,0.0013,0.001963,yes,results/pairwise/leaderboard-30m/group_8/leaderboard-distinguishability-flash-min-image-n-5-n-5-4-of-5-vs-flash-min-text-t07-n-5-n-5-5-of-5.json
"flash-min-image N=5 N=5, 4-of-5","single-pass-t0 N=10 N=10, 10-of-10",0.724426,0.562641,0.161785,0.0,0.0,yes,results/pairwise/leaderboard-30m/group_8/leaderboard-distinguishability-flash-min-image-n-5-n-5-4-of-5-vs-single-pass-t0-n-10-n-10-10-of-10.json
"flash-min-image N=5 N=5, 4-of-5","single-pass-t0 N=5 N=5, 5-of-5",0.724426,0.554113,0.170313,0.0,0.0,yes,results/pairwise/leaderboard-30m/group_8/leaderboard-distinguishability-flash-min-image-n-5-n-5-4-of-5-vs-single-pass-t0-n-5-n-5-5-of-5.json
"flash-min-text-t07 N=10 N=10, 10-of-10","single-pass-t0 N=10 N=10, 10-of-10",0.641206,0.562641,0.078565,0.0015,0.002235,yes,results/pairwise/leaderboard-30m/group_8/leaderboard-distinguishability-flash-min-text-t07-n-10-n-10-10-of-10-vs-single-pass-t0-n-10-n-10-10-of-10.json
"flash-min-text-t07 N=10 N=10, 10-of-10","single-pass-t0 N=5 N=5, 5-of-5",0.641206,0.554113,0.087093,0.0012,0.001824,yes,results/pairwise/leaderboard-30m/group_8/leaderboard-distinguishability-flash-min-text-t07-n-10-n-10-10-of-10-vs-single-pass-t0-n-5-n-5-5-of-5.json
"flash-min-text-t07 N=30 N=30, 29-of-30","flash-min-text-t07 N=10 N=10, 10-of-10",0.66943,0.641206,0.028224,0.0005,0.000797,yes,results/pairwise/leaderboard-30m/group_8/leaderboard-distinguishability-flash-min-text-t07-n-30-n-30-29-of-30-vs-flash-min-text-t07-n-10-n-10-10-of-10.json
"flash-min-text-t07 N=30 N=30, 29-of-30","flash-min-text-t07 N=5 N=5, 5-of-5",0.66943,0.647059,0.022371,0.1524,0.176907,no,results/pairwise/leaderboard-30m/group_8/leaderboard-distinguishability-flash-min-text-t07-n-30-n-30-29-of-30-vs-flash-min-text-t07-n-5-n-5-5-of-5.json
"flash-min-text-t07 N=30 N=30, 29-of-30","single-pass-t0 N=10 N=10, 10-of-10",0.66943,0.562641,0.106789,0.0,0.0,yes,results/pairwise/leaderboard-30m/group_8/leaderboard-distinguishability-flash-min-text-t07-n-30-n-30-29-of-30-vs-single-pass-t0-n-10-n-10-10-of-10.json
"flash-min-text-t07 N=30 N=30, 29-of-30","single-pass-t0 N=5 N=5, 5-of-5",0.66943,0.554113,0.115317,0.0,0.0,yes,results/pairwise/leaderboard-30m/group_8/leaderboard-distinguishability-flash-min-text-t07-n-30-n-30-29-of-30-vs-single-pass-t0-n-5-n-5-5-of-5.json
"flash-min-text-t07 N=5 N=5, 5-of-5","flash-min-text-t07 N=10 N=10, 10-of-10",0.647059,0.641206,0.005853,0.6704,0.688277,no,results/pairwise/leaderboard-30m/group_8/leaderboard-distinguishability-flash-min-text-t07-n-5-n-5-5-of-5-vs-flash-min-text-t07-n-10-n-10-10-of-10.json
"flash-min-text-t07 N=5 N=5, 5-of-5","single-pass-t0 N=10 N=10, 10-of-10",0.647059,0.562641,0.084418,0.0,0.0,yes,results/pairwise/leaderboard-30m/group_8/leaderboard-distinguishability-flash-min-text-t07-n-5-n-5-5-of-5-vs-single-pass-t0-n-10-n-10-10-of-10.json
"flash-min-text-t07 N=5 N=5, 5-of-5","single-pass-t0 N=5 N=5, 5-of-5",0.647059,0.554113,0.092946,0.0,0.0,yes,results/pairwise/leaderboard-30m/group_8/leaderboard-distinguishability-flash-min-text-t07-n-5-n-5-5-of-5-vs-single-pass-t0-n-5-n-5-5-of-5.json
image-baseline--flash-min-vf (t=0.2),"flash-min-image N=10 N=10, 6-of-10",0.782241,0.733202,0.049039,0.0175,0.023367,yes,results/pairwise/leaderboard-30m/group_8/leaderboard-distinguishability-image-baseline-flash-min-vf-t-0-2-vs-flash-min-image-n-10-n-10-6-of-10.json
image-baseline--flash-min-vf (t=0.2),"flash-min-image N=5 N=5, 4-of-5",0.782241,0.724426,0.057815,0.0041,0.005883,yes,results/pairwise/leaderboard-30m/group_8/leaderboard-distinguishability-image-baseline-flash-min-vf-t-0-2-vs-flash-min-image-n-5-n-5-4-of-5.json
image-baseline--flash-min-vf (t=0.2),"flash-min-text-t07 N=10 N=10, 10-of-10",0.782241,0.641206,0.141035,0.0,0.0,yes,results/pairwise/leaderboard-30m/group_8/leaderboard-distinguishability-image-baseline-flash-min-vf-t-0-2-vs-flash-min-text-t07-n-10-n-10-10-of-10.json
image-baseline--flash-min-vf (t=0.2),"flash-min-text-t07 N=30 N=30, 29-of-30",0.782241,0.66943,0.112811,0.0,0.0,yes,results/pairwise/leaderboard-30m/group_8/leaderboard-distinguishability-image-baseline-flash-min-vf-t-0-2-vs-flash-min-text-t07-n-30-n-30-29-of-30.json
image-baseline--flash-min-vf (t=0.2),"flash-min-text-t07 N=5 N=5, 5-of-5",0.782241,0.647059,0.135182,0.0,0.0,yes,results/pairwise/leaderboard-30m/group_8/leaderboard-distinguishability-image-baseline-flash-min-vf-t-0-2-vs-flash-min-text-t07-n-5-n-5-5-of-5.json
image-baseline--flash-min-vf (t=0.2),"single-pass-t0 N=10 N=10, 10-of-10",0.782241,0.562641,0.2196,0.0,0.0,yes,results/pairwise/leaderboard-30m/group_8/leaderboard-distinguishability-image-baseline-flash-min-vf-t-0-2-vs-single-pass-t0-n-10-n-10-10-of-10.json
image-baseline--flash-min-vf (t=0.2),"single-pass-t0 N=5 N=5, 5-of-5",0.782241,0.554113,0.228128,0.0,0.0,yes,results/pairwise/leaderboard-30m/group_8/leaderboard-distinguishability-image-baseline-flash-min-vf-t-0-2-vs-single-pass-t0-n-5-n-5-5-of-5.json
"pro-high-image N=5 N=5, 3-of-5","flash-high-image N=10 N=10, 6-of-10",0.821192,0.811594,0.009598,0.595,0.613594,no,results/pairwise/leaderboard-30m/group_8/leaderboard-distinguishability-pro-high-image-n-5-n-5-3-of-5-vs-flash-high-image-n-10-n-10-6-of-10.json
"pro-high-image N=5 N=5, 3-of-5","flash-high-image N=5 N=5, 3-of-5",0.821192,0.79915,0.022042,0.2507,0.277089,no,results/pairwise/leaderboard-30m/group_8/leaderboard-distinguishability-pro-high-image-n-5-n-5-3-of-5-vs-flash-high-image-n-5-n-5-3-of-5.json
"pro-high-image N=5 N=5, 3-of-5","flash-high-text N=10 N=10, 9-of-10",0.821192,0.810624,0.010568,0.5757,0.596353,no,results/pairwise/leaderboard-30m/group_8/leaderboard-distinguishability-pro-high-image-n-5-n-5-3-of-5-vs-flash-high-text-n-10-n-10-9-of-10.json
"pro-high-image N=5 N=5, 3-of-5","flash-high-text N=5 N=5, 5-of-5",0.821192,0.788235,0.032957,0.1122,0.134217,no,results/pairwise/leaderboard-30m/group_8/leaderboard-distinguishability-pro-high-image-n-5-n-5-3-of-5-vs-flash-high-text-n-5-n-5-5-of-5.json
"pro-high-image N=5 N=5, 3-of-5","flash-min-image N=10 N=10, 6-of-10",0.821192,0.733202,0.08799,0.0,0.0,yes,results/pairwise/leaderboard-30m/group_8/leaderboard-distinguishability-pro-high-image-n-5-n-5-3-of-5-vs-flash-min-image-n-10-n-10-6-of-10.json
"pro-high-image N=5 N=5, 3-of-5","flash-min-image N=5 N=5, 4-of-5",0.821192,0.724426,0.096766,0.0,0.0,yes,results/pairwise/leaderboard-30m/group_8/leaderboard-distinguishability-pro-high-image-n-5-n-5-3-of-5-vs-flash-min-image-n-5-n-5-4-of-5.json
"pro-high-image N=5 N=5, 3-of-5","flash-min-text-t07 N=10 N=10, 10-of-10",0.821192,0.641206,0.179986,0.0,0.0,yes,results/pairwise/leaderboard-30m/group_8/leaderboard-distinguishability-pro-high-image-n-5-n-5-3-of-5-vs-flash-min-text-t07-n-10-n-10-10-of-10.json
"pro-high-image N=5 N=5, 3-of-5","flash-min-text-t07 N=30 N=30, 29-of-30",0.821192,0.66943,0.151762,0.0,0.0,yes,results/pairwise/leaderboard-30m/group_8/leaderboard-distinguishability-pro-high-image-n-5-n-5-3-of-5-vs-flash-min-text-t07-n-30-n-30-29-of-30.json
"pro-high-image N=5 N=5, 3-of-5","flash-min-text-t07 N=5 N=5, 5-of-5",0.821192,0.647059,0.174133,0.0,0.0,yes,results/pairwise/leaderboard-30m/group_8/leaderboard-distinguishability-pro-high-image-n-5-n-5-3-of-5-vs-flash-min-text-t07-n-5-n-5-5-of-5.json
"pro-high-image N=5 N=5, 3-of-5",image-baseline--flash-min-vf (t=0.2),0.821192,0.782241,0.038951,0.0497,0.062395,no,results/pairwise/leaderboard-30m/group_8/leaderboard-distinguishability-pro-high-image-n-5-n-5-3-of-5-vs-image-baseline-flash-min-vf-t-0-2.json
"pro-high-image N=5 N=5, 3-of-5","single-pass-t0 N=10 N=10, 10-of-10",0.821192,0.562641,0.258551,0.0,0.0,yes,results/pairwise/leaderboard-30m/group_8/leaderboard-distinguishability-pro-high-image-n-5-n-5-3-of-5-vs-single-pass-t0-n-10-n-10-10-of-10.json
"pro-high-image N=5 N=5, 3-of-5","single-pass-t0 N=5 N=5, 5-of-5",0.821192,0.554113,0.267079,0.0,0.0,yes,results/pairwise/leaderboard-30m/group_8/leaderboard-distinguishability-pro-high-image-n-5-n-5-3-of-5-vs-single-pass-t0-n-5-n-5-5-of-5.json
"pro-high-text N=5 N=5, 3-of-5","flash-high-image N=10 N=10, 6-of-10",0.855362,0.811594,0.043767,0.0354,0.045684,yes,results/pairwise/leaderboard-30m/group_8/leaderboard-distinguishability-pro-high-text-n-5-n-5-3-of-5-vs-flash-high-image-n-10-n-10-6-of-10.json
"pro-high-text N=5 N=5, 3-of-5","flash-high-image N=5 N=5, 3-of-5",0.855362,0.79915,0.056212,0.0079,0.010993,yes,results/pairwise/leaderboard-30m/group_8/leaderboard-distinguishability-pro-high-text-n-5-n-5-3-of-5-vs-flash-high-image-n-5-n-5-3-of-5.json
"pro-high-text N=5 N=5, 3-of-5",flash-high-image-3-of-5--flash-min-vf (t=0.15),0.855362,0.851064,0.004298,0.8537,0.857412,no,results/pairwise/leaderboard-30m/group_8/leaderboard-distinguishability-pro-high-text-n-5-n-5-3-of-5-vs-flash-high-image-3-of-5-flash-min-vf-t-0-15.json
"pro-high-text N=5 N=5, 3-of-5","flash-high-text N=10 N=10, 9-of-10",0.855362,0.810624,0.044738,0.0203,0.026796,yes,results/pairwise/leaderboard-30m/group_8/leaderboard-distinguishability-pro-high-text-n-5-n-5-3-of-5-vs-flash-high-text-n-10-n-10-9-of-10.json
"pro-high-text N=5 N=5, 3-of-5","flash-high-text N=30 N=30, 26-of-30",0.855362,0.825882,0.029479,0.0968,0.11894,no,results/pairwise/leaderboard-30m/group_8/leaderboard-distinguishability-pro-high-text-n-5-n-5-3-of-5-vs-flash-high-text-n-30-n-30-26-of-30.json
"pro-high-text N=5 N=5, 3-of-5","flash-high-text N=5 N=5, 5-of-5",0.855362,0.788235,0.067126,0.001,0.00153,yes,results/pairwise/leaderboard-30m/group_8/leaderboard-distinguishability-pro-high-text-n-5-n-5-3-of-5-vs-flash-high-text-n-5-n-5-5-of-5.json
"pro-high-text N=5 N=5, 3-of-5","flash-min-image N=10 N=10, 6-of-10",0.855362,0.733202,0.12216,0.0,0.0,yes,results/pairwise/leaderboard-30m/group_8/leaderboard-distinguishability-pro-high-text-n-5-n-5-3-of-5-vs-flash-min-image-n-10-n-10-6-of-10.json
"pro-high-text N=5 N=5, 3-of-5","flash-min-image N=5 N=5, 4-of-5",0.855362,0.724426,0.130936,0.0,0.0,yes,results/pairwise/leaderboard-30m/group_8/leaderboard-distinguishability-pro-high-text-n-5-n-5-3-of-5-vs-flash-min-image-n-5-n-5-4-of-5.json
"pro-high-text N=5 N=5, 3-of-5","flash-min-text-t07 N=10 N=10, 10-of-10",0.855362,0.641206,0.214156,0.0,0.0,yes,results/pairwise/leaderboard-30m/group_8/leaderboard-distinguishability-pro-high-text-n-5-n-5-3-of-5-vs-flash-min-text-t07-n-10-n-10-10-of-10.json
"pro-high-text N=5 N=5, 3-of-5","flash-min-text-t07 N=30 N=30, 29-of-30",0.855362,0.66943,0.185932,0.0,0.0,yes,results/pairwise/leaderboard-30m/group_8/leaderboard-distinguishability-pro-high-text-n-5-n-5-3-of-5-vs-flash-min-text-t07-n-30-n-30-29-of-30.json
"pro-high-text N=5 N=5, 3-of-5","flash-min-text-t07 N=5 N=5, 5-of-5",0.855362,0.647059,0.208303,0.0,0.0,yes,results/pairwise/leaderboard-30m/group_8/leaderboard-distinguishability-pro-high-text-n-5-n-5-3-of-5-vs-flash-min-text-t07-n-5-n-5-5-of-5.json
"pro-high-text N=5 N=5, 3-of-5",image-baseline--flash-min-vf (t=0.2),0.855362,0.782241,0.073121,0.0006,0.000943,yes,results/pairwise/leaderboard-30m/group_8/leaderboard-distinguishability-pro-high-text-n-5-n-5-3-of-5-vs-image-baseline-flash-min-vf-t-0-2.json
"pro-high-text N=5 N=5, 3-of-5","pro-high-image N=5 N=5, 3-of-5",0.855362,0.821192,0.03417,0.0617,0.076627,no,results/pairwise/leaderboard-30m/group_8/leaderboard-distinguishability-pro-high-text-n-5-n-5-3-of-5-vs-pro-high-image-n-5-n-5-3-of-5.json
"pro-high-text N=5 N=5, 3-of-5","single-pass-t0 N=10 N=10, 10-of-10",0.855362,0.562641,0.292721,0.0,0.0,yes,results/pairwise/leaderboard-30m/group_8/leaderboard-distinguishability-pro-high-text-n-5-n-5-3-of-5-vs-single-pass-t0-n-10-n-10-10-of-10.json
"pro-high-text N=5 N=5, 3-of-5","single-pass-t0 N=5 N=5, 5-of-5",0.855362,0.554113,0.301249,0.0,0.0,yes,results/pairwise/leaderboard-30m/group_8/leaderboard-distinguishability-pro-high-text-n-5-n-5-3-of-5-vs-single-pass-t0-n-5-n-5-5-of-5.json
"pro-high-text N=5 N=5, 3-of-5",text-baseline--flash-min-vf (t=0.15),0.855362,0.832036,0.023326,0.2377,0.265259,no,results/pairwise/leaderboard-30m/group_8/leaderboard-distinguishability-pro-high-text-n-5-n-5-3-of-5-vs-text-baseline-flash-min-vf-t-0-15.json
pro-high-text-3-of-5--flash-min-vf (t=0.15),"flash-high-image N=10 N=10, 6-of-10",0.86445,0.811594,0.052856,0.0162,0.021757,yes,results/pairwise/leaderboard-30m/group_8/leaderboard-distinguishability-pro-high-text-3-of-5-flash-min-vf-t-0-15-vs-flash-high-image-n-10-n-10-6-of-10.json
pro-high-text-3-of-5--flash-min-vf (t=0.15),"flash-high-image N=5 N=5, 3-of-5",0.86445,0.79915,0.0653,0.0031,0.004504,yes,results/pairwise/leaderboard-30m/group_8/leaderboard-distinguishability-pro-high-text-3-of-5-flash-min-vf-t-0-15-vs-flash-high-image-n-5-n-5-3-of-5.json
pro-high-text-3-of-5--flash-min-vf (t=0.15),flash-high-image-3-of-5--flash-min-vf (t=0.15),0.86445,0.851064,0.013386,0.5175,0.543375,no,results/pairwise/leaderboard-30m/group_8/leaderboard-distinguishability-pro-high-text-3-of-5-flash-min-vf-t-0-15-vs-flash-high-image-3-of-5-flash-min-vf-t-0-15.json
pro-high-text-3-of-5--flash-min-vf (t=0.15),"flash-high-text N=10 N=10, 9-of-10",0.86445,0.810624,0.053827,0.0056,0.007888,yes,results/pairwise/leaderboard-30m/group_8/leaderboard-distinguishability-pro-high-text-3-of-5-flash-min-vf-t-0-15-vs-flash-high-text-n-10-n-10-9-of-10.json
pro-high-text-3-of-5--flash-min-vf (t=0.15),"flash-high-text N=30 N=30, 26-of-30",0.86445,0.825882,0.038568,0.0315,0.04111,yes,results/pairwise/leaderboard-30m/group_8/leaderboard-distinguishability-pro-high-text-3-of-5-flash-min-vf-t-0-15-vs-flash-high-text-n-30-n-30-26-of-30.json
pro-high-text-3-of-5--flash-min-vf (t=0.15),"flash-high-text N=5 N=5, 5-of-5",0.86445,0.788235,0.076215,0.0002,0.000332,yes,results/pairwise/leaderboard-30m/group_8/leaderboard-distinguishability-pro-high-text-3-of-5-flash-min-vf-t-0-15-vs-flash-high-text-n-5-n-5-5-of-5.json
pro-high-text-3-of-5--flash-min-vf (t=0.15),"flash-min-image N=10 N=10, 6-of-10",0.86445,0.733202,0.131249,0.0,0.0,yes,results/pairwise/leaderboard-30m/group_8/leaderboard-distinguishability-pro-high-text-3-of-5-flash-min-vf-t-0-15-vs-flash-min-image-n-10-n-10-6-of-10.json
pro-high-text-3-of-5--flash-min-vf (t=0.15),"flash-min-image N=5 N=5, 4-of-5",0.86445,0.724426,0.140024,0.0,0.0,yes,results/pairwise/leaderboard-30m/group_8/leaderboard-distinguishability-pro-high-text-3-of-5-flash-min-vf-t-0-15-vs-flash-min-image-n-5-n-5-4-of-5.json
pro-high-text-3-of-5--flash-min-vf (t=0.15),"flash-min-text-t07 N=10 N=10, 10-of-10",0.86445,0.641206,0.223244,0.0,0.0,yes,results/pairwise/leaderboard-30m/group_8/leaderboard-distinguishability-pro-high-text-3-of-5-flash-min-vf-t-0-15-vs-flash-min-text-t07-n-10-n-10-10-of-10.json
pro-high-text-3-of-5--flash-min-vf (t=0.15),"flash-min-text-t07 N=30 N=30, 29-of-30",0.86445,0.66943,0.19502,0.0,0.0,yes,results/pairwise/leaderboard-30m/group_8/leaderboard-distinguishability-pro-high-text-3-of-5-flash-min-vf-t-0-15-vs-flash-min-text-t07-n-30-n-30-29-of-30.json
pro-high-text-3-of-5--flash-min-vf (t=0.15),"flash-min-text-t07 N=5 N=5, 5-of-5",0.86445,0.647059,0.217391,0.0,0.0,yes,results/pairwise/leaderboard-30m/group_8/leaderboard-distinguishability-pro-high-text-3-of-5-flash-min-vf-t-0-15-vs-flash-min-text-t07-n-5-n-5-5-of-5.json
pro-high-text-3-of-5--flash-min-vf (t=0.15),image-baseline--flash-min-vf (t=0.2),0.86445,0.782241,0.082209,0.0001,0.000169,yes,results/pairwise/leaderboard-30m/group_8/leaderboard-distinguishability-pro-high-text-3-of-5-flash-min-vf-t-0-15-vs-image-baseline-flash-min-vf-t-0-2.json
pro-high-text-3-of-5--flash-min-vf (t=0.15),"pro-high-image N=5 N=5, 3-of-5",0.86445,0.821192,0.043258,0.02,0.026552,yes,results/pairwise/leaderboard-30m/group_8/leaderboard-distinguishability-pro-high-text-3-of-5-flash-min-vf-t-0-15-vs-pro-high-image-n-5-n-5-3-of-5.json
pro-high-text-3-of-5--flash-min-vf (t=0.15),"pro-high-text N=5 N=5, 3-of-5",0.86445,0.855362,0.009089,0.2174,0.244973,no,results/pairwise/leaderboard-30m/group_8/leaderboard-distinguishability-pro-high-text-3-of-5-flash-min-vf-t-0-15-vs-pro-high-text-n-5-n-5-3-of-5.json
pro-high-text-3-of-5--flash-min-vf (t=0.15),"single-pass-t0 N=10 N=10, 10-of-10",0.86445,0.562641,0.301809,0.0,0.0,yes,results/pairwise/leaderboard-30m/group_8/leaderboard-distinguishability-pro-high-text-3-of-5-flash-min-vf-t-0-15-vs-single-pass-t0-n-10-n-10-10-of-10.json
pro-high-text-3-of-5--flash-min-vf (t=0.15),"single-pass-t0 N=5 N=5, 5-of-5",0.86445,0.554113,0.310338,0.0,0.0,yes,results/pairwise/leaderboard-30m/group_8/leaderboard-distinguishability-pro-high-text-3-of-5-flash-min-vf-t-0-15-vs-single-pass-t0-n-5-n-5-5-of-5.json
pro-high-text-3-of-5--flash-min-vf (t=0.15),text-baseline--flash-min-vf (t=0.15),0.86445,0.832036,0.032415,0.0975,0.119167,no,results/pairwise/leaderboard-30m/group_8/leaderboard-distinguishability-pro-high-text-3-of-5-flash-min-vf-t-0-15-vs-text-baseline-flash-min-vf-t-0-15.json
"single-pass-t0 N=10 N=10, 10-of-10","single-pass-t0 N=5 N=5, 5-of-5",0.562641,0.554113,0.008528,0.2392,0.26565,no,results/pairwise/leaderboard-30m/group_8/leaderboard-distinguishability-single-pass-t0-n-10-n-10-10-of-10-vs-single-pass-t0-n-5-n-5-5-of-5.json
text-baseline--flash-min-vf (t=0.15),"flash-high-image N=10 N=10, 6-of-10",0.832036,0.811594,0.020441,0.3078,0.335386,no,results/pairwise/leaderboard-30m/group_8/leaderboard-distinguishability-text-baseline-flash-min-vf-t-0-15-vs-flash-high-image-n-10-n-10-6-of-10.json
text-baseline--flash-min-vf (t=0.15),"flash-high-image N=5 N=5, 3-of-5",0.832036,0.79915,0.032886,0.1006,0.12191,no,results/pairwise/leaderboard-30m/group_8/leaderboard-distinguishability-text-baseline-flash-min-vf-t-0-15-vs-flash-high-image-n-5-n-5-3-of-5.json
text-baseline--flash-min-vf (t=0.15),"flash-high-text N=10 N=10, 9-of-10",0.832036,0.810624,0.021412,0.2686,0.29546,no,results/pairwise/leaderboard-30m/group_8/leaderboard-distinguishability-text-baseline-flash-min-vf-t-0-15-vs-flash-high-text-n-10-n-10-9-of-10.json
text-baseline--flash-min-vf (t=0.15),"flash-high-text N=30 N=30, 26-of-30",0.832036,0.825882,0.006153,0.7378,0.754123,no,results/pairwise/leaderboard-30m/group_8/leaderboard-distinguishability-text-baseline-flash-min-vf-t-0-15-vs-flash-high-text-n-30-n-30-26-of-30.json
text-baseline--flash-min-vf (t=0.15),"flash-high-text N=5 N=5, 5-of-5",0.832036,0.788235,0.0438,0.0371,0.047349,yes,results/pairwise/leaderboard-30m/group_8/leaderboard-distinguishability-text-baseline-flash-min-vf-t-0-15-vs-flash-high-text-n-5-n-5-5-of-5.json
text-baseline--flash-min-vf (t=0.15),"flash-min-image N=10 N=10, 6-of-10",0.832036,0.733202,0.098834,0.0,0.0,yes,results/pairwise/leaderboard-30m/group_8/leaderboard-distinguishability-text-baseline-flash-min-vf-t-0-15-vs-flash-min-image-n-10-n-10-6-of-10.json
text-baseline--flash-min-vf (t=0.15),"flash-min-image N=5 N=5, 4-of-5",0.832036,0.724426,0.10761,0.0,0.0,yes,results/pairwise/leaderboard-30m/group_8/leaderboard-distinguishability-text-baseline-flash-min-vf-t-0-15-vs-flash-min-image-n-5-n-5-4-of-5.json
text-baseline--flash-min-vf (t=0.15),"flash-min-text-t07 N=10 N=10, 10-of-10",0.832036,0.641206,0.19083,0.0,0.0,yes,results/pairwise/leaderboard-30m/group_8/leaderboard-distinguishability-text-baseline-flash-min-vf-t-0-15-vs-flash-min-text-t07-n-10-n-10-10-of-10.json
text-baseline--flash-min-vf (t=0.15),"flash-min-text-t07 N=30 N=30, 29-of-30",0.832036,0.66943,0.162606,0.0,0.0,yes,results/pairwise/leaderboard-30m/group_8/leaderboard-distinguishability-text-baseline-flash-min-vf-t-0-15-vs-flash-min-text-t07-n-30-n-30-29-of-30.json
text-baseline--flash-min-vf (t=0.15),"flash-min-text-t07 N=5 N=5, 5-of-5",0.832036,0.647059,0.184977,0.0,0.0,yes,results/pairwise/leaderboard-30m/group_8/leaderboard-distinguishability-text-baseline-flash-min-vf-t-0-15-vs-flash-min-text-t07-n-5-n-5-5-of-5.json
text-baseline--flash-min-vf (t=0.15),image-baseline--flash-min-vf (t=0.2),0.832036,0.782241,0.049795,0.0063,0.00882,yes,results/pairwise/leaderboard-30m/group_8/leaderboard-distinguishability-text-baseline-flash-min-vf-t-0-15-vs-image-baseline-flash-min-vf-t-0-2.json
text-baseline--flash-min-vf (t=0.15),"pro-high-image N=5 N=5, 3-of-5",0.832036,0.821192,0.010844,0.5691,0.592172,no,results/pairwise/leaderboard-30m/group_8/leaderboard-distinguishability-text-baseline-flash-min-vf-t-0-15-vs-pro-high-image-n-5-n-5-3-of-5.json
text-baseline--flash-min-vf (t=0.15),"single-pass-t0 N=10 N=10, 10-of-10",0.832036,0.562641,0.269395,0.0,0.0,yes,results/pairwise/leaderboard-30m/group_8/leaderboard-distinguishability-text-baseline-flash-min-vf-t-0-15-vs-single-pass-t0-n-10-n-10-10-of-10.json
text-baseline--flash-min-vf (t=0.15),"single-pass-t0 N=5 N=5, 5-of-5",0.832036,0.554113,0.277923,0.0,0.0,yes,results/pairwise/leaderboard-30m/group_8/leaderboard-distinguishability-text-baseline-flash-min-vf-t-0-15-vs-single-pass-t0-n-5-n-5-5-of-5.json
